Company Owner,Allocation Date,Segment,Firmable ID,Company,Website,Priority,ICP Score,Industry Tier,Sub-segment,Velocity,Coverage Motion,ANZ Signal,SEA Presence,In SG,In MY,In ID,In PH,HQ,Account Type,Org Size,B2B Type,Industry,APAC Sales HC,AU Sales,NZ Emp,SG Sales,MY Sales,ID Sales,PH Sales,HK Sales,JP Sales
Vanessa,10-Apr,SaaS SEA P1 ANZ Fast US,f000000548338,ACI Worldwide,aciworldwide.com,P1 - Strategic,High,Tier A,SaaS / Software,Fast (<200 emp),ANZ + SEA + HK/JP,ANZ,Yes,Yes,Yes,,,US,Non-SEA HQ (APAC presence),51-200 employees,b2b,"Computer software, Financial technology (fintech)",16,4,8,6,4,—,—,—,2
Vanessa,10-Apr,SaaS SEA P1 ANZ Fast US,f000001348397,Accuris,accuristech.com,P1 - Strategic,High,Tier A,SaaS / Software,Fast (<200 emp),ANZ + SEA + HK/JP,ANZ,Yes,,Yes,,,US,Non-SEA HQ (APAC presence),51-200 employees,b2b,"Computer software, Data analytics or artificial intelligence",22,7,1,—,10,—,—,—,5
Vanessa,10-Apr,SaaS SEA P1 ANZ Fast US,f000000556721,Agora,agora.io,P1 - Strategic,High,Tier A,SaaS / Software,Fast (<200 emp),ANZ + SEA + HK/JP,ANZ,Yes,Yes,,,Yes,US,Non-SEA HQ (APAC presence),11-50 employees,b2b,"Computer software, Telecommunications services",10,—,1,2,—,—,8,—,—
Vanessa,10-Apr,SaaS SEA P1 ANZ Fast US,f000001483510,Alation,alation.com,P1 - Strategic,High,Tier A,SaaS / Software,Fast (<200 emp),ANZ + SEA,ANZ,Yes,Yes,,,,US,Non-SEA HQ (APAC presence),11-50 employees,b2b,"Computer software, Data analytics or artificial intelligence",11,6,—,5,—,—,—,—,—
Vanessa,10-Apr,SaaS SEA P1 ANZ Fast US,f000001438617,AlphaSense,alpha-sense.com,P1 - Strategic,Very High,Tier A,SaaS / Software,Fast (<200 emp),ANZ + SEA + HK/JP,ANZ,Yes,Yes,,,,US,Non-SEA HQ (APAC presence),51-200 employees,b2bvsb2c-no-data,"Computer software, Data analytics or artificial intelligence",41,2,—,38,—,—,—,1,—
Vanessa,10-Apr,SaaS SEA P1 ANZ Fast US,f000000566897,Altair,altair.com,P1 - Strategic,High,Tier A,SaaS / Software,Fast (<200 emp),ANZ + SEA + HK/JP,ANZ,Yes,Yes,Yes,,,US,Non-SEA HQ (APAC presence),51-200 employees,b2b,"Computer software, Data analytics or artificial intelligence",24,3,3,2,3,—,—,—,16
Vanessa,10-Apr,SaaS SEA P1 ANZ Fast US,f000001576805,Amplitude,amplitude.com,P1 - Strategic,High,Tier A,SaaS / Software,Fast (<200 emp),ANZ + SEA + HK/JP,ANZ,Yes,Yes,,,,US,Non-SEA HQ (APAC presence),11-50 employees,b2b,"Computer software, Data analytics or artificial intelligence",11,4,—,6,—,—,—,—,1
Vanessa,10-Apr,SaaS SEA P1 ANZ Fast US,f000001381800,Ansys,ansys.com,P1 - Strategic,Very High,Tier A,SaaS / Software,Fast (<200 emp),ANZ + SEA + HK/JP,ANZ,Yes,Yes,Yes,,,US,Non-SEA HQ (APAC presence),51-200 employees,b2b,"High-tech manufacturing, Computer software",35,2,—,2,1,—,—,—,30
Vanessa,10-Apr,SaaS SEA P1 ANZ Fast US,f000000747524,Appian Corporation,appian.com,P1 - Strategic,High,Tier A,SaaS / Software,Fast (<200 emp),ANZ + SEA + HK/JP,ANZ,Yes,Yes,,,,US,Non-SEA HQ (APAC presence),51-200 employees,b2bvsb2c-no-data,"Computer software, Data analytics or artificial intelligence",18,14,—,4,—,—,—,—,—
Vanessa,10-Apr,SaaS SEA P1 ANZ Fast US,f000001565624,"Apptio, an IBM Company",apptio.com,P1 - Strategic,High,Tier A,SaaS / Software,Fast (<200 emp),ANZ + SEA + HK/JP,ANZ,Yes,Yes,,,,US,Non-SEA HQ (APAC presence),51-200 employees,b2b,"Computer software, IT consulting and support services",19,7,—,3,—,—,—,—,9
Vanessa,10-Apr,SaaS SEA P1 ANZ Fast US,f000000574507,Aptean,aptean.com,P1 - Strategic,Very High,Tier A,SaaS / Software,Fast (<200 emp),ANZ + SEA + HK/JP,ANZ,Yes,,,,Yes,US,Non-SEA HQ (APAC presence),51-200 employees,b2bvsb2c-no-data,"Computer software, IT consulting and support services",28,2,1,—,—,—,26,—,—
Vanessa,10-Apr,SaaS SEA P1 ANZ Fast US,f000001695650,Archer Integrated Risk Management,archerirm.com,P1 - Strategic,High,Tier A,SaaS / Software,Fast (<200 emp),ANZ + SEA + HK/JP,ANZ,Yes,Yes,,,Yes,US,Non-SEA HQ (APAC presence),51-200 employees,b2b,"Cybersecurity, IT consulting and support services",13,6,—,3,—,—,1,—,3
Vanessa,10-Apr,SaaS SEA P1 ANZ Fast US,f000000579234,Arcserve,arcserve.com,P1 - Strategic,High,Tier A,SaaS / Software,Fast (<200 emp),ANZ + SEA + HK/JP,ANZ,Yes,Yes,Yes,,,US,Non-SEA HQ (APAC presence),11-50 employees,b2b,"Computer software, Hosting and cloud infrastructure",13,1,1,2,1,—,—,2,7
Vanessa,10-Apr,SaaS SEA P1 ANZ Fast US,f000001521720,Arctic Wolf,arcticwolf.com,P1 - Strategic,High,Tier A,SaaS / Software,Fast (<200 emp),ANZ + SEA + HK/JP,ANZ,Yes,Yes,,,,US,Non-SEA HQ (APAC presence),51-200 employees,b2bvsb2c-no-data,"Cybersecurity, Security and investigation services",18,15,1,1,—,—,—,—,2
Vanessa,10-Apr,SaaS SEA P1 ANZ Fast US,f000000581001,Asana,asana.com,P1 - Strategic,Very High,Tier A,SaaS / Software,Fast (<200 emp),ANZ + SEA + HK/JP,ANZ,Yes,Yes,,,Yes,US,Non-SEA HQ (APAC presence),51-200 employees,b2b,"Computer software, IT consulting and support services",39,17,—,6,—,—,4,—,12
Vanessa,10-Apr,SaaS SEA P1 ANZ Fast US,f000000584743,Aspen Technology,aspentech.com,P1 - Strategic,Very High,Tier A,SaaS / Software,Fast (<200 emp),ANZ + SEA + HK/JP,ANZ,Yes,Yes,Yes,Yes,,US,Non-SEA HQ (APAC presence),51-200 employees,b2bvsb2c-no-data,"Computer software, Data analytics or artificial intelligence",32,4,—,20,2,1,—,—,5
Vanessa,10-Apr,SaaS SEA P1 ANZ Fast US,f000000627526,Automation Anywhere,automationanywhere.com,P1 - Strategic,High,Tier A,SaaS / Software,Fast (<200 emp),ANZ + SEA + HK/JP,ANZ,Yes,Yes,,,,US,Non-SEA HQ (APAC presence),51-200 employees,b2b,"Computer software, Data analytics or artificial intelligence",16,3,1,5,—,—,—,—,8
Vanessa,10-Apr,SaaS SEA P1 ANZ Fast US,f000001681198,Axway,axway.com,P1 - Strategic,High,Tier A,SaaS / Software,Fast (<200 emp),ANZ + SEA + HK/JP,ANZ,Yes,Yes,,Yes,,US,Non-SEA HQ (APAC presence),11-50 employees,b2b,"Computer software, Hosting and cloud infrastructure",12,3,—,5,—,1,—,3,—
Vanessa,10-Apr,SaaS SEA P1 ANZ Fast US,f000004005645,"BMC Software, Inc.",bmchelix.com,P1 - Strategic,High,Tier A,SaaS / Software,Fast (<200 emp),ANZ + SEA + HK/JP,ANZ,Yes,Yes,,,,US,Non-SEA HQ (APAC presence),11-50 employees,b2b,"Computer software, IT consulting and support services",10,3,2,7,—,—,—,—,—
Vanessa,10-Apr,SaaS SEA P1 ANZ Fast US,f000001673230,Barracuda,barracuda.com,P1 - Strategic,High,Tier A,SaaS / Software,Fast (<200 emp),ANZ + SEA + HK/JP,ANZ,Yes,Yes,Yes,,,US,Non-SEA HQ (APAC presence),51-200 employees,b2b,"Cybersecurity, Computer software",22,4,—,2,2,—,—,13,1
Vanessa,10-Apr,SaaS SEA P1 ANZ Fast US,f000001492025,Belden Inc.,belden.com,P1 - Strategic,Very High,Tier A,SaaS / Software,Fast (<200 emp),ANZ + SEA + HK/JP,ANZ,Yes,Yes,Yes,Yes,Yes,US,Non-SEA HQ (APAC presence),51-200 employees,b2b,"High-tech manufacturing, Cybersecurity",38,8,—,10,5,7,1,7,—
Vanessa,10-Apr,SaaS SEA P1 ANZ Fast US,f000000749289,Birdeye,getbirdeye.com.au,P1 - Strategic,Very High,Tier A,SaaS / Software,Fast (<200 emp),ANZ + SEA,ANZ,Yes,,,Yes,Yes,US,Non-SEA HQ (APAC presence),51-200 employees,b2b,"Computer software, Marketing and advertising services",63,49,—,—,—,1,13,—,—
Vanessa,10-Apr,SaaS SEA P1 ANZ Fast US,f000000619878,Black Box,blackbox.com,P1 - Strategic,High,Tier A,SaaS / Software,Fast (<200 emp),ANZ + SEA + HK/JP,ANZ,Yes,Yes,,Yes,Yes,US,Non-SEA HQ (APAC presence),51-200 employees,b2b,"Cybersecurity, IT consulting and support services",17,8,18,4,—,1,2,—,2
Vanessa,10-Apr,SaaS SEA P1 ANZ Fast US,f000001439728,BlackLine,blackline.com,P1 - Strategic,Very High,Tier A,SaaS / Software,Fast (<200 emp),ANZ + SEA + HK/JP,ANZ,Yes,Yes,,,Yes,US,Non-SEA HQ (APAC presence),51-200 employees,b2b,"Computer software, Financial technology (fintech)",36,13,—,6,—,—,2,—,15
Vanessa,10-Apr,SaaS SEA P1 ANZ Fast US,f000001365661,Blue Yonder,blueyonder.com,P1 - Strategic,Very High,Tier A,SaaS / Software,Fast (<200 emp),ANZ + SEA + HK/JP,ANZ,Yes,Yes,,Yes,,US,Non-SEA HQ (APAC presence),51-200 employees,b2b,"Computer software, IT consulting and support services",29,12,1,7,—,1,—,—,9
Vanessa,10-Apr,SaaS SEA P1 ANZ Fast US,f000001478793,Boomi,boomi.com,P1 - Strategic,Very High,Tier A,SaaS / Software,Fast (<200 emp),ANZ + SEA + HK/JP,ANZ,Yes,Yes,,,,US,Non-SEA HQ (APAC presence),51-200 employees,b2b,"Computer software, Hosting and cloud infrastructure",58,40,1,14,—,—,—,1,3
Vanessa,10-Apr,SaaS SEA P1 ANZ Mid,f000001535801,Box,box.com,P1 - Strategic,Very High,Tier A,SaaS / Software,Mid (200–1000 emp),ANZ + SEA + HK/JP,ANZ,Yes,,,Yes,Yes,US,Non-SEA HQ (APAC presence),201-500 employees,b2b,"Computer software, Hosting and cloud infrastructure",95,5,1,—,—,2,1,—,87
Vanessa,10-Apr,SaaS SEA P1 ANZ Fast US,f000001831757,Braze,braze.com,P1 - Strategic,Very High,Tier A,SaaS / Software,Fast (<200 emp),ANZ + SEA + HK/JP,ANZ,Yes,Yes,,Yes,,US,Non-SEA HQ (APAC presence),51-200 employees,b2b,"Computer software, Data analytics or artificial intelligence",39,17,1,17,—,1,—,—,4
Vanessa,10-Apr,SaaS SEA P1 ANZ Fast US,f000001401219,CDW,cdw.com,P1 - Strategic,High,Tier A,SaaS / Software,Fast (<200 emp),ANZ + SEA + HK/JP,ANZ,Yes,Yes,,Yes,,US,Non-SEA HQ (APAC presence),11-50 employees,b2b,"Cybersecurity, IT consulting and support services",14,7,—,2,—,5,—,—,—
Vanessa,10-Apr,SaaS SEA P1 ANZ Fast US,f000001568387,CSC,cscglobal.com,P1 - Strategic,High,Tier A,SaaS / Software,Fast (<200 emp),ANZ + SEA + HK/JP,ANZ,Yes,Yes,,,,US,Non-SEA HQ (APAC presence),51-200 employees,b2b,"Cybersecurity, Business support services",14,4,3,6,—,—,—,4,—
Vanessa,10-Apr,SaaS SEA P1 ANZ Fast US,f000000720035,Carta,carta.com,P1 - Strategic,High,Tier A,SaaS / Software,Fast (<200 emp),ANZ + SEA,ANZ,Yes,Yes,,,,US,Non-SEA HQ (APAC presence),51-200 employees,b2b,"Computer software, Financial technology (fintech)",14,3,—,11,—,—,—,—,—
Vanessa,10-Apr,SaaS SEA P1 ANZ Fast US,f000001481141,Celigo,celigo.com,P1 - Strategic,High,Tier A,SaaS / Software,Fast (<200 emp),ANZ + SEA,ANZ,Yes,,,,Yes,US,Non-SEA HQ (APAC presence),51-200 employees,b2b,"Computer software, Hosting and cloud infrastructure",11,3,—,—,—,—,8,—,—
Vanessa,10-Apr,SaaS SEA P1 ANZ Fast US,f000001555323,China Unicom,chinaunicom.com.cn,P1 - Strategic,High,Tier A,SaaS / Software,Fast (<200 emp),ANZ + SEA + HK/JP,ANZ,Yes,Yes,,Yes,,US,Non-SEA HQ (APAC presence),51-200 employees,b2bvsb2c-no-data,"Internet services and web portals, Telecommunications services",15,—,3,5,—,1,—,8,1
Vanessa,10-Apr,SaaS SEA P1 ANZ Fast US,f000001309997,Cisco Meraki,meraki.cisco.com,P1 - Strategic,High,Tier A,SaaS / Software,Fast (<200 emp),ANZ + SEA + HK/JP,ANZ,Yes,Yes,Yes,Yes,,US,Non-SEA HQ (APAC presence),51-200 employees,b2b,"Cybersecurity, Hosting and cloud infrastructure",20,10,3,2,2,2,—,1,3
Vanessa,10-Apr,SaaS SEA P1 ANZ Fast US,f000001603848,Citrix,citrix.com,P1 - Strategic,Very High,Tier A,SaaS / Software,Fast (<200 emp),ANZ + SEA + HK/JP,ANZ,Yes,Yes,,Yes,,US,Non-SEA HQ (APAC presence),51-200 employees,b2b,"Cybersecurity, Computer software",31,9,2,11,—,2,—,3,6
Vanessa,10-Apr,SaaS SEA P1 ANZ Mid,f000001439368,ClickUp,clickup.com,P1 - Strategic,High,Tier A,SaaS / Software,Mid (200–1000 emp),ANZ + SEA + HK/JP,ANZ,Yes,,,,Yes,US,Non-SEA HQ (APAC presence),201-500 employees,b2b,"Computer software, Business support services",20,14,—,—,—,—,6,—,—
Vanessa,10-Apr,SaaS SEA P1 ANZ Fast US,f000001604072,Cloudbeds,cloudbeds.com,P1 - Strategic,High,Tier A,SaaS / Software,Fast (<200 emp),ANZ + SEA,ANZ,Yes,,,Yes,Yes,US,Non-SEA HQ (APAC presence),51-200 employees,b2b,"Accommodation and lodging, Computer software",13,1,—,—,—,3,9,—,—
Vanessa,10-Apr,SaaS SEA P1 ANZ Fast US,f000000740329,Cloudera,cloudera.com,P1 - Strategic,Very High,Tier A,SaaS / Software,Fast (<200 emp),ANZ + SEA + HK/JP,ANZ,Yes,Yes,,Yes,,US,Non-SEA HQ (APAC presence),51-200 employees,b2b,"Data analytics or artificial intelligence, Hosting and cloud infrastructure",28,7,—,14,—,3,—,2,2
Vanessa,10-Apr,SaaS SEA P1 ANZ Fast US,f000001440652,Cohesity,cohesity.com,P1 - Strategic,Very High,Tier A,SaaS / Software,Fast (<200 emp),ANZ + SEA + HK/JP,ANZ,Yes,Yes,Yes,Yes,Yes,US,Non-SEA HQ (APAC presence),51-200 employees,b2b,"Cybersecurity, Computer software",43,11,—,12,1,3,1,5,10
Vanessa,10-Apr,SaaS SEA P1 ANZ Fast US,f000001448986,Commvault,commvault.com,P1 - Strategic,Very High,Tier A,SaaS / Software,Fast (<200 emp),ANZ + SEA + HK/JP,ANZ,Yes,Yes,Yes,Yes,,US,Non-SEA HQ (APAC presence),51-200 employees,b2b,"Cybersecurity, Hosting and cloud infrastructure",37,22,5,7,4,1,—,1,2
Vanessa,10-Apr,SaaS SEA P1 ANZ Fast US,f000001468275,Confluent,confluent.io,P1 - Strategic,Very High,Tier A,SaaS / Software,Fast (<200 emp),ANZ + SEA + HK/JP,ANZ,Yes,Yes,Yes,Yes,Yes,US,Non-SEA HQ (APAC presence),51-200 employees,b2b,"Computer software, Data analytics or artificial intelligence",37,10,—,15,1,5,2,1,3
Vanessa,10-Apr,SaaS SEA P1 ANZ Fast US,f000000695978,Conga,conga.com,P1 - Strategic,High,Tier A,SaaS / Software,Fast (<200 emp),ANZ + SEA,ANZ,Yes,,,,Yes,US,Non-SEA HQ (APAC presence),11-50 employees,b2b,"Computer software, IT consulting and support services",15,8,—,—,—,—,7,—,—
Vanessa,10-Apr,SaaS SEA P1 ANZ Mid,f000001946898,ConnectWise,connectwise.com,P1 - Strategic,Very High,Tier A,SaaS / Software,Mid (200–1000 emp),ANZ + SEA,ANZ,Yes,,,,Yes,US,Non-SEA HQ (APAC presence),201-500 employees,b2b,"Computer software, IT consulting and support services",124,18,1,—,—,—,106,—,—
Vanessa,10-Apr,SaaS SEA P1 ANZ Fast US,f000000630856,Convene,azeusconvene.com,P1 - Strategic,High,Tier A,SaaS / Software,Fast (<200 emp),ANZ + SEA + HK/JP,ANZ,Yes,Yes,Yes,Yes,Yes,US,Non-SEA HQ (APAC presence),51-200 employees,b2b,"Computer software, Business support services",18,3,—,3,5,3,3,1,—
Vanessa,10-Apr,SaaS SEA P1 ANZ Fast US,f000001951949,Convergint,convergint.com,P1 - Strategic,High,Tier A,SaaS / Software,Fast (<200 emp),ANZ + SEA + HK/JP,ANZ,Yes,,,Yes,,US,Non-SEA HQ (APAC presence),51-200 employees,b2b,"Cybersecurity, Security and investigation services",15,10,2,—,—,4,—,1,—
Vanessa,10-Apr,SaaS SEA P1 ANZ Fast US,f000000707593,Cornerstone OnDemand,cornerstoneondemand.com,P1 - Strategic,Very High,Tier A,SaaS / Software,Fast (<200 emp),ANZ + SEA + HK/JP,ANZ,Yes,Yes,,Yes,Yes,US,Non-SEA HQ (APAC presence),51-200 employees,b2bvsb2c-no-data,"Computer software, Human resources services",38,13,28,6,—,1,4,5,9
Vanessa,10-Apr,SaaS SEA P1 ANZ Fast US,f000001449393,Couchbase,couchbase.com,P1 - Strategic,High,Tier A,SaaS / Software,Fast (<200 emp),ANZ + SEA + HK/JP,ANZ,Yes,Yes,,,Yes,US,Non-SEA HQ (APAC presence),11-50 employees,b2b,"Computer software, Hosting and cloud infrastructure",17,3,—,10,—,—,2,1,1
Vanessa,10-Apr,SaaS SEA P1 ANZ Fast US,f000001373463,Coupa Software,coupa.com,P1 - Strategic,Very High,Tier A,SaaS / Software,Fast (<200 emp),ANZ + SEA + HK/JP,ANZ,Yes,Yes,,Yes,,US,Non-SEA HQ (APAC presence),51-200 employees,b2b,"Computer software, Business support services",28,11,1,8,—,1,—,—,8
Vanessa,10-Apr,SaaS SEA P1 ANZ Fast US,f000000720464,Cox Automotive,coxautoinc.com.au,P1 - Strategic,High,Tier A,SaaS / Software,Fast (<200 emp),ANZ + SEA,ANZ,Yes,,,Yes,,US,Non-SEA HQ (APAC presence),51-200 employees,b2b,"Computer software, Automotive manufacturing",17,14,1,—,—,3,—,—,—
Vanessa,10-Apr,SaaS SEA P1 ANZ Fast US,f000001678104,Crestron Electronics,crestron.com,P1 - Strategic,High,Tier A,SaaS / Software,Fast (<200 emp),ANZ + SEA + HK/JP,ANZ,Yes,Yes,Yes,Yes,Yes,US,Non-SEA HQ (APAC presence),51-200 employees,b2bc,"Electrical and electronic equipment manufacturing, Computer software",24,9,2,5,1,4,1,3,1
Vanessa,10-Apr,SaaS SEA P1 ANZ Fast US,f000001318632,Cvent,cvent.com,P1 - Strategic,Very High,Tier A,SaaS / Software,Fast (<200 emp),ANZ + SEA + HK/JP,ANZ,Yes,Yes,,Yes,,US,Non-SEA HQ (APAC presence),51-200 employees,b2b,"Event services, Computer software",28,16,—,11,—,1,—,—,—
Vanessa,10-Apr,SaaS SEA P1 ANZ Fast US,f000000737986,D-Link USA,dlink.com,P1 - Strategic,High,Tier A,SaaS / Software,Fast (<200 emp),ANZ + SEA + HK/JP,ANZ,Yes,Yes,Yes,,,US,Non-SEA HQ (APAC presence),51-200 employees,b2bc,"Cybersecurity, Internet services and web portals",11,9,1,1,1,—,—,—,—
Vanessa,10-Apr,SaaS SEA P1 ANZ Fast US,f000001678534,Datasite,datasite.com,P1 - Strategic,High,Tier A,SaaS / Software,Fast (<200 emp),ANZ + SEA + HK/JP,ANZ,Yes,Yes,,,,US,Non-SEA HQ (APAC presence),11-50 employees,b2b,"Computer software, Financial technology (fintech)",19,3,1,8,—,—,—,2,6
Vanessa,10-Apr,SaaS SEA P1 ANZ Fast US,f000000699187,Datto,datto.com,P1 - Strategic,High,Tier A,SaaS / Software,Fast (<200 emp),ANZ + SEA,ANZ,Yes,,,Yes,Yes,US,Non-SEA HQ (APAC presence),11-50 employees,b2b,"Hosting and cloud infrastructure, IT consulting and support services",11,9,1,—,—,1,1,—,—
Vanessa,10-Apr,SaaS SEA P1 ANZ Fast US,f000001704171,Delinea,delinea.com,P1 - Strategic,High,Tier A,SaaS / Software,Fast (<200 emp),ANZ + SEA + HK/JP,ANZ,Yes,Yes,,Yes,,US,Non-SEA HQ (APAC presence),51-200 employees,b2b,"Cybersecurity, IT consulting and support services",13,8,1,3,—,1,—,1,—
Vanessa,10-Apr,SaaS SEA P1 ANZ Fast US,f000001511486,Denodo,denodo.com,P1 - Strategic,High,Tier A,SaaS / Software,Fast (<200 emp),ANZ + SEA + HK/JP,ANZ,Yes,Yes,,,,US,Non-SEA HQ (APAC presence),51-200 employees,b2b,"Computer software, Data analytics or artificial intelligence",20,5,—,5,—,—,—,1,9
Vanessa,10-Apr,SaaS SEA P1 ANZ Mid,f000001590874,Dialpad,dialpad.com,P1 - Strategic,Very High,Tier A,SaaS / Software,Mid (200–1000 emp),ANZ + SEA + HK/JP,ANZ,Yes,,,Yes,Yes,US,Non-SEA HQ (APAC presence),201-500 employees,b2bc,"Computer software, Telecommunications services",35,7,2,—,—,1,23,—,4
Vanessa,10-Apr,SaaS SEA P1 ANZ Fast US,f000001505702,DigiCert,digicert.com,P1 - Strategic,High,Tier A,SaaS / Software,Fast (<200 emp),ANZ + SEA + HK/JP,ANZ,Yes,Yes,,,,US,Non-SEA HQ (APAC presence),51-200 employees,b2b,"Cybersecurity, Computer software",24,14,2,2,—,—,—,—,8
Vanessa,10-Apr,SaaS SEA P1 ANZ Fast US,f000001433583,Diligent,diligent.com,P1 - Strategic,Very High,Tier A,SaaS / Software,Fast (<200 emp),ANZ + SEA + HK/JP,ANZ,Yes,Yes,,,,US,Non-SEA HQ (APAC presence),51-200 employees,b2b,"Computer software, Business support services",33,24,15,9,—,—,—,—,—
Vanessa,10-Apr,SaaS SEA P1 ANZ Fast Local,f000001505907,Docotel Group,docotel.com,P1 - Strategic,High,Tier A,SaaS / Software,Fast (<200 emp),ANZ + SEA,ANZ,Yes,Yes,,Yes,Yes,ID,SEA HQ,51-200 employees,b2b,"Computer software, IT consulting and support services",0,—,1,1,—,6,1,—,—
Vanessa,10-Apr,SaaS SEA P1 ANZ Fast US,f000000389140,Domo,domo.com,P1 - Strategic,Very High,Tier A,SaaS / Software,Fast (<200 emp),ANZ + SEA + HK/JP,ANZ,Yes,Yes,,,Yes,US,Non-SEA HQ (APAC presence),51-200 employees,b2b,"Computer software, Data analytics or artificial intelligence",31,13,1,3,—,—,1,—,14
Vanessa,10-Apr,SaaS SEA P1 ANZ Fast US,f000001741854,Donnelley Financial Solutions (DFIN),dfinsolutions.com,P1 - Strategic,High,Tier A,SaaS / Software,Fast (<200 emp),ANZ + SEA + HK/JP,ANZ,Yes,Yes,,,,US,Non-SEA HQ (APAC presence),51-200 employees,b2b,"Computer software, Financial technology (fintech)",18,3,—,4,—,—,—,10,1
Vanessa,10-Apr,SaaS SEA P1 ANZ Fast US,f000000068499,EBSCO Information Services,ebsco.com,P1 - Strategic,Very High,Tier A,SaaS / Software,Fast (<200 emp),ANZ + SEA + HK/JP,ANZ,Yes,Yes,Yes,Yes,,US,Non-SEA HQ (APAC presence),51-200 employees,b2b,"Internet services and web portals, Publishing",31,21,6,4,1,2,—,1,2
Vanessa,10-Apr,SaaS SEA P1 ANZ Fast US,f000000748720,EDB,enterprisedb.com,P1 - Strategic,High,Tier A,SaaS / Software,Fast (<200 emp),ANZ + SEA + HK/JP,ANZ,Yes,Yes,,Yes,,US,Non-SEA HQ (APAC presence),51-200 employees,b2b,"Computer software, Hosting and cloud infrastructure",20,4,—,7,—,1,—,2,6
Vanessa,10-Apr,SaaS SEA P1 ANZ Fast Local,f000001529525,ETP Group,etpgroup.com,P1 - Strategic,High,Tier A,SaaS / Software,Fast (<200 emp),ANZ + SEA,ANZ,Yes,Yes,Yes,Yes,Yes,SG,SEA HQ,11-50 employees,b2b,"Computer software, Data analytics or artificial intelligence",0,—,1,1,2,6,5,—,—
Vanessa,10-Apr,SaaS SEA P1 ANZ Mid,f000002049236,Eastern Communications,easterncommunications.com.ph,P1 - Strategic,Very High,Tier A,SaaS / Software,Mid (200–1000 emp),ANZ + SEA,ANZ,Yes,,,,Yes,PH,SEA HQ,201-500 employees,b2bvsb2c-no-data,"Cybersecurity, Telecommunications services",0,1,—,—,—,—,84,—,—
Vanessa,10-Apr,SaaS SEA P1 ANZ Fast US,f000000414175,Enfusion,enfusion.com,P1 - Strategic,High,Tier A,SaaS / Software,Fast (<200 emp),ANZ + SEA + HK/JP,ANZ,Yes,Yes,,,,US,Non-SEA HQ (APAC presence),51-200 employees,b2b,"Financial technology (fintech), Hosting and cloud infrastructure",19,2,—,2,—,—,—,15,—
Vanessa,10-Apr,SaaS SEA P1 ANZ Fast US,f000001390049,Entrust,entrust.com,P1 - Strategic,Very High,Tier A,SaaS / Software,Fast (<200 emp),ANZ + SEA + HK/JP,ANZ,Yes,Yes,Yes,Yes,Yes,US,Non-SEA HQ (APAC presence),51-200 employees,b2b,"Cybersecurity, Computer software",31,4,5,6,1,4,2,6,8
Vanessa,10-Apr,SaaS SEA P1 ANZ Fast US,f000001459001,Episode Six,episodesix.com,P1 - Strategic,High,Tier A,SaaS / Software,Fast (<200 emp),ANZ + SEA + HK/JP,ANZ,Yes,Yes,,,,US,Non-SEA HQ (APAC presence),11-50 employees,b2b,"Computer software, Financial technology (fintech)",11,4,1,2,—,—,—,1,4
Vanessa,10-Apr,SaaS SEA P1 ANZ Fast US,f000001459397,Exabeam,exabeam.com,P1 - Strategic,High,Tier A,SaaS / Software,Fast (<200 emp),ANZ + SEA + HK/JP,ANZ,Yes,Yes,Yes,Yes,,US,Non-SEA HQ (APAC presence),51-200 employees,b2b,"Cybersecurity, Data analytics or artificial intelligence",12,4,—,2,1,1,—,—,4
Vanessa,10-Apr,SaaS SEA P1 ANZ Fast US,f000001616223,ExtraHop,extrahop.com,P1 - Strategic,High,Tier A,SaaS / Software,Fast (<200 emp),ANZ + SEA,ANZ,Yes,Yes,,Yes,,US,Non-SEA HQ (APAC presence),11-50 employees,b2b,"Cybersecurity, IT consulting and support services",14,5,—,7,—,2,—,—,—
Vanessa,10-Apr,SaaS SEA P1 ANZ Fast US,f000000812628,Extreme Networks,extremenetworks.com,P1 - Strategic,Very High,Tier A,SaaS / Software,Fast (<200 emp),ANZ + SEA + HK/JP,ANZ,Yes,Yes,,Yes,Yes,US,Non-SEA HQ (APAC presence),51-200 employees,b2bvsb2c-no-data,"Computer software, IT consulting and support services",42,9,1,17,—,2,2,3,9
Vanessa,10-Apr,SaaS SEA P1 ANZ Fast US,f000001545621,Fastly,fastly.com,P1 - Strategic,High,Tier A,SaaS / Software,Fast (<200 emp),ANZ + SEA + HK/JP,ANZ,Yes,Yes,,,Yes,US,Non-SEA HQ (APAC presence),51-200 employees,b2b,"Computer software, Hosting and cloud infrastructure",17,8,—,3,—,—,1,—,5
Vanessa,10-Apr,SaaS SEA P1 ANZ Fast US,f000001738482,Figma,figma.com,P1 - Strategic,Very High,Tier A,SaaS / Software,Fast (<200 emp),ANZ + SEA + HK/JP,ANZ,Yes,Yes,Yes,,Yes,US,Non-SEA HQ (APAC presence),51-200 employees,b2bc,"Computer software, Design services (creative and digital)",50,10,2,19,2,—,1,1,17
Vanessa,10-Apr,SaaS SEA P1 ANZ Fast US,f000001515847,Fireblocks,fireblocks.com,P1 - Strategic,Very High,Tier A,SaaS / Software,Fast (<200 emp),ANZ + SEA + HK/JP,ANZ,Yes,Yes,,,,US,Non-SEA HQ (APAC presence),51-200 employees,b2b,"Cybersecurity, Financial technology (fintech)",27,3,—,20,—,—,—,2,2
Vanessa,10-Apr,SaaS SEA P1 ANZ Fast US,f000000549398,Fivetran,fivetran.com,P1 - Strategic,High,Tier A,SaaS / Software,Fast (<200 emp),ANZ + SEA + HK/JP,ANZ,Yes,Yes,,,,US,Non-SEA HQ (APAC presence),11-50 employees,b2b,"Computer software, Data analytics or artificial intelligence",17,7,5,7,—,—,—,—,3
Vanessa,10-Apr,SaaS SEA P1 ANZ Fast US,f000000443905,Flexera,flexera.com,P1 - Strategic,High,Tier A,SaaS / Software,Fast (<200 emp),ANZ + SEA,ANZ,Yes,Yes,,Yes,,US,Non-SEA HQ (APAC presence),51-200 employees,b2b,"Computer software, IT consulting and support services",11,8,—,2,—,1,—,—,—
Vanessa,10-Apr,SaaS SEA P1 ANZ Fast US,f000001516054,Flywire,flywire.com,P1 - Strategic,High,Tier A,SaaS / Software,Fast (<200 emp),ANZ + SEA + HK/JP,ANZ,Yes,Yes,,Yes,,US,Non-SEA HQ (APAC presence),51-200 employees,b2bc,"Computer software, Financial technology (fintech)",24,9,2,9,—,1,—,—,5
Vanessa,10-Apr,SaaS SEA P1 ANZ Fast US,f000000441111,Forcepoint,forcepoint.com,P1 - Strategic,High,Tier A,SaaS / Software,Fast (<200 emp),ANZ + SEA + HK/JP,ANZ,Yes,Yes,Yes,Yes,Yes,US,Non-SEA HQ (APAC presence),51-200 employees,b2b,"Cybersecurity, Computer software",14,1,—,4,3,2,2,2,—
Vanessa,10-Apr,SaaS SEA P1 ANZ Fast US,f000002154695,Freshworks,freshworks.com,P1 - Strategic,High,Tier A,SaaS / Software,Fast (<200 emp),ANZ + SEA + HK/JP,ANZ,Yes,Yes,Yes,,,US,Non-SEA HQ (APAC presence),51-200 employees,b2b,"Computer software, IT consulting and support services",18,9,2,7,2,—,—,—,—
Vanessa,10-Apr,SaaS SEA P1 ANZ Fast US,f000000449073,Fusion Connect,fusionconnect.com,P1 - Strategic,High,Tier A,SaaS / Software,Fast (<200 emp),ANZ + SEA,ANZ,Yes,,,,Yes,US,Non-SEA HQ (APAC presence),11-50 employees,b2b,"Telecommunications services, Hosting and cloud infrastructure",12,2,—,—,—,—,10,—,—
Vanessa,10-Apr,SaaS SEA P1 ANZ Fast US,f000000944635,Gigamon,gigamon.com,P1 - Strategic,High,Tier A,SaaS / Software,Fast (<200 emp),ANZ + SEA + HK/JP,ANZ,Yes,Yes,,Yes,Yes,US,Non-SEA HQ (APAC presence),11-50 employees,b2b,"Cybersecurity, Computer software",18,7,1,8,—,1,1,—,1
Vanessa,10-Apr,SaaS SEA P1 ANZ Mid,f000002185056,GitHub,github.com,P1 - Strategic,Very High,Tier A,SaaS / Software,Mid (200–1000 emp),ANZ + SEA + HK/JP,ANZ,Yes,,,Yes,Yes,US,Non-SEA HQ (APAC presence),201-500 employees,b2bvsb2c-no-data,Computer software,41,20,5,—,—,1,1,—,19
Vanessa,10-Apr,SaaS SEA P1 ANZ Fast US,f000001674034,Grafana Labs,grafana.com,P1 - Strategic,High,Tier A,SaaS / Software,Fast (<200 emp),ANZ + SEA + HK/JP,ANZ,Yes,Yes,,,,US,Non-SEA HQ (APAC presence),51-200 employees,b2bc,"Computer software, Data analytics or artificial intelligence",21,11,—,8,—,—,—,—,2
Vanessa,10-Apr,SaaS SEA P1 ANZ Fast Local,f000001507832,Group-IB,group-ib.com,P1 - Strategic,High,Tier A,SaaS / Software,Fast (<200 emp),ANZ + SEA,ANZ,Yes,Yes,Yes,,,SG,SEA HQ,51-200 employees,b2bvsb2c-no-data,"Cybersecurity, Security and investigation services",0,1,1,5,5,—,—,—,—
Vanessa,10-Apr,SaaS SEA P1 ANZ Mid,f000001490758,Guidewire Software,guidewire.com,P1 - Strategic,High,Tier A,SaaS / Software,Mid (200–1000 emp),ANZ + SEA + HK/JP,ANZ,Yes,,,Yes,,US,Non-SEA HQ (APAC presence),201-500 employees,b2b,"Computer software, Data analytics or artificial intelligence",12,9,2,—,—,1,—,—,2
Vanessa,10-Apr,SaaS SEA P1 ANZ Fast US,f000002252673,HID,hidglobal.com,P1 - Strategic,Very High,Tier A,SaaS / Software,Fast (<200 emp),ANZ + SEA + HK/JP,ANZ,Yes,Yes,Yes,Yes,Yes,US,Non-SEA HQ (APAC presence),51-200 employees,b2b,"Cybersecurity, Security and investigation services",34,7,3,3,8,3,1,9,3
Vanessa,10-Apr,SaaS SEA P1 ANZ Fast US,f000000474955,Harmonic,harmonicinc.com,P1 - Strategic,High,Tier A,SaaS / Software,Fast (<200 emp),ANZ + SEA + HK/JP,ANZ,Yes,Yes,Yes,,,US,Non-SEA HQ (APAC presence),51-200 employees,b2b,"Internet services and web portals, Telecommunications services",11,2,1,4,1,—,—,3,1
Vanessa,10-Apr,SaaS SEA P1 ANZ Fast US,f000001491074,HashiCorp,hashicorp.com,P1 - Strategic,Very High,Tier A,SaaS / Software,Fast (<200 emp),ANZ + SEA + HK/JP,ANZ,Yes,Yes,,Yes,,US,Non-SEA HQ (APAC presence),51-200 employees,b2b,"Computer software, Hosting and cloud infrastructure",27,8,—,11,—,1,—,—,7
Vanessa,10-Apr,SaaS SEA P1 ANZ Fast Local,f000001491211,HealthMetrics,healthmetrics.com,P1 - Strategic,High,Tier A,SaaS / Software,Fast (<200 emp),ANZ + SEA,ANZ,Yes,Yes,Yes,,,MY,SEA HQ,51-200 employees,b2b,"Computer software, Human resources services",0,4,2,2,10,—,—,—,—
Vanessa,10-Apr,SaaS SEA P1 ANZ Fast US,f000004699501,Hospitality Solutions,sabrehospitality.com,P1 - Strategic,High,Tier A,SaaS / Software,Fast (<200 emp),ANZ + SEA + HK/JP,ANZ,Yes,Yes,,,,US,Non-SEA HQ (APAC presence),11-50 employees,b2b,Computer software,13,3,1,5,—,—,—,4,1
Vanessa,10-Apr,SaaS SEA P1 ANZ Fast US,f000001621765,Huntress,huntress.com,P1 - Strategic,High,Tier A,SaaS / Software,Fast (<200 emp),ANZ + SEA,ANZ,Yes,,,Yes,,US,Non-SEA HQ (APAC presence),11-50 employees,b2b,Cybersecurity,17,16,—,—,—,1,—,—,—
Vanessa,10-Apr,SaaS SEA P1 ANZ Mid,f000000747056,IMC Trading,imc.com,P1 - Strategic,High,Tier A,SaaS / Software,Mid (200–1000 emp),ANZ + SEA + HK/JP,ANZ,Yes,,,,Yes,NL,Non-SEA HQ (APAC presence),201-500 employees,b2b,"Computer software, Financial technology (fintech)",10,2,3,—,—,—,7,1,—
Vanessa,10-Apr,SaaS SEA P1 ANZ Mid,f000000520538,Ideagen,ideagen.com,P1 - Strategic,Very High,Tier A,SaaS / Software,Mid (200–1000 emp),ANZ + SEA,ANZ,Yes,,Yes,,,GB,Non-SEA HQ (APAC presence),201-500 employees,b2b,"Cybersecurity, Computer software",29,25,3,—,4,—,—,—,—
Vanessa,10-Apr,SaaS SEA P1 ANZ Fast US,f000001546668,Illumio,illumio.com,P1 - Strategic,High,Tier A,SaaS / Software,Fast (<200 emp),ANZ + SEA + HK/JP,ANZ,Yes,Yes,,,,US,Non-SEA HQ (APAC presence),51-200 employees,b2b,"Cybersecurity, Data analytics or artificial intelligence",14,8,—,3,—,—,—,—,3
Vanessa,10-Apr,SaaS SEA P1 ANZ Fast US,f000001385481,Imperva,imperva.com,P1 - Strategic,High,Tier A,SaaS / Software,Fast (<200 emp),ANZ + SEA + HK/JP,ANZ,Yes,Yes,,,,US,Non-SEA HQ (APAC presence),51-200 employees,b2b,"Cybersecurity, Computer software",16,2,1,7,—,—,—,2,5
Vanessa,10-Apr,SaaS SEA P1 ANZ Fast US,f000001416429,InEight,ineight.com,P1 - Strategic,High,Tier A,SaaS / Software,Fast (<200 emp),ANZ + SEA + HK/JP,ANZ,Yes,,,Yes,,US,Non-SEA HQ (APAC presence),51-200 employees,b2b,"Construction, Computer software",12,11,1,—,—,1,—,—,—
Vanessa,10-Apr,SaaS SEA P1 ANZ Fast US,f000001458599,Infoblox,infoblox.com,P1 - Strategic,Very High,Tier A,SaaS / Software,Fast (<200 emp),ANZ + SEA + HK/JP,ANZ,Yes,Yes,Yes,Yes,Yes,US,Non-SEA HQ (APAC presence),51-200 employees,b2b,"Cybersecurity, IT consulting and support services",27,9,2,7,5,2,2,1,1
Vanessa,10-Apr,SaaS SEA P1 ANZ Fast US,f000001478101,Insider.,useinsider.com,P1 - Strategic,High,Tier A,SaaS / Software,Fast (<200 emp),ANZ + SEA + HK/JP,ANZ,Yes,Yes,Yes,Yes,,US,Non-SEA HQ (APAC presence),51-200 employees,b2b,"Computer software, Data analytics or artificial intelligence",16,7,—,4,2,3,—,—,—
Vanessa,10-Apr,SaaS SEA P1 ANZ Fast US,f000001547086,Integral Development Corp.,integral.com,P1 - Strategic,High,Tier A,SaaS / Software,Fast (<200 emp),ANZ + SEA + HK/JP,ANZ,Yes,Yes,,,,US,Non-SEA HQ (APAC presence),11-50 employees,b2b,"Computer software, Financial technology (fintech)",12,3,—,6,—,—,—,1,2
Vanessa,10-Apr,SaaS SEA P1 ANZ Fast US,f000000950936,Intercom,intercom.com,P1 - Strategic,High,Tier A,SaaS / Software,Fast (<200 emp),ANZ + SEA,ANZ,Yes,,,Yes,,US,Non-SEA HQ (APAC presence),11-50 employees,b2bc,"Computer software, Call centers and customer support services",13,12,—,—,—,1,—,—,—
Vanessa,10-Apr,SaaS SEA P1 ANZ Fast US,f000001231432,Ivanti,ivanti.com,P1 - Strategic,Very High,Tier A,SaaS / Software,Fast (<200 emp),ANZ + SEA + HK/JP,ANZ,Yes,Yes,,Yes,,US,Non-SEA HQ (APAC presence),51-200 employees,b2b,"Computer software, IT consulting and support services",42,18,—,9,—,1,—,2,12
Vanessa,10-Apr,SaaS SEA P1 ANZ Fast US,f000001754955,JFrog,jfrog.com,P1 - Strategic,High,Tier A,SaaS / Software,Fast (<200 emp),ANZ + SEA + HK/JP,ANZ,Yes,Yes,,,,US,Non-SEA HQ (APAC presence),11-50 employees,b2b,"Computer software, Hosting and cloud infrastructure",15,7,—,4,—,—,—,—,4
Vanessa,10-Apr,SaaS SEA P1 ANZ Fast US,f000000748284,Jamf,jamf.com,P1 - Strategic,Very High,Tier A,SaaS / Software,Fast (<200 emp),ANZ + SEA + HK/JP,ANZ,Yes,Yes,,,,US,Non-SEA HQ (APAC presence),51-200 employees,b2b,"Cybersecurity, Computer software",36,11,—,3,—,—,—,—,22
Vanessa,10-Apr,SaaS SEA P1 ANZ Mid,f000004308390,Juris Technologies Sdn Bhd,juristech.net,P1 - Strategic,High,Tier A,SaaS / Software,Mid (200–1000 emp),ANZ + SEA,ANZ,Yes,,Yes,Yes,,MY,SEA HQ,201-500 employees,b2b,Computer software,0,1,—,—,10,2,—,—,—
Vanessa,10-Apr,SaaS SEA P1 ANZ Fast US,f000001457458,KnowBe4,knowbe4.com,P1 - Strategic,Very High,Tier A,SaaS / Software,Fast (<200 emp),ANZ + SEA + HK/JP,ANZ,Yes,Yes,,,,US,Non-SEA HQ (APAC presence),51-200 employees,b2b,"Cybersecurity, Professional training and coaching",59,17,—,30,—,—,—,—,12
Vanessa,10-Apr,SaaS SEA P1 ANZ Fast US,f000001732811,Kong Inc.,konghq.com,P1 - Strategic,High,Tier A,SaaS / Software,Fast (<200 emp),ANZ + SEA + HK/JP,ANZ,Yes,Yes,,Yes,,US,Non-SEA HQ (APAC presence),51-200 employees,b2b,"Computer software, IT consulting and support services",22,8,—,9,—,1,—,1,3
Vanessa,10-Apr,SaaS SEA P1 ANZ Fast US,f000001643249,"Konica Minolta Business Solutions U.S.A., Inc.",konicaminolta.us,P1 - Strategic,High,Tier A,SaaS / Software,Fast (<200 emp),ANZ + SEA + HK/JP,ANZ,Yes,Yes,Yes,Yes,,US,Non-SEA HQ (APAC presence),51-200 employees,b2bvsb2c-no-data,"Computer software, IT consulting and support services",15,5,15,2,3,3,—,—,2
Vanessa,10-Apr,SaaS SEA P1 ANZ Fast US,f000000230906,Liferay,liferay.com,P1 - Strategic,High,Tier A,SaaS / Software,Fast (<200 emp),ANZ + SEA + HK/JP,ANZ,Yes,Yes,,Yes,,US,Non-SEA HQ (APAC presence),51-200 employees,b2b,"Computer software, Internet services and web portals",14,2,—,4,—,1,—,—,7
Vanessa,10-Apr,SaaS SEA P1 ANZ Mid,f000002434893,Lightspeed Commerce,lightspeedhq.com,P1 - Strategic,Very High,Tier A,SaaS / Software,Mid (200–1000 emp),ANZ + SEA,ANZ,Yes,,,,Yes,CA,Non-SEA HQ (APAC presence),201-500 employees,b2bvsb2c-no-data,"Computer software, E-commerce retailers",63,49,165,—,—,—,14,—,—
Vanessa,10-Apr,SaaS SEA P1 ANZ Fast US,f000000217144,LogicMonitor,logicmonitor.com,P1 - Strategic,High,Tier A,SaaS / Software,Fast (<200 emp),ANZ + SEA + HK/JP,ANZ,Yes,Yes,,,,US,Non-SEA HQ (APAC presence),11-50 employees,b2b,"Computer software, Hosting and cloud infrastructure",12,7,—,5,—,—,—,—,—
Vanessa,10-Apr,SaaS SEA P1 ANZ Fast Local,f000001652018,M.Tech,mtechpro.com,P1 - Strategic,Very High,Tier A,SaaS / Software,Fast (<200 emp),ANZ + SEA + HK/JP,ANZ,Yes,Yes,Yes,Yes,Yes,SG,SEA HQ,51-200 employees,b2b,"Cybersecurity, IT consulting and support services",0,1,—,16,2,4,1,1,—
Vanessa,10-Apr,SaaS SEA P1 ANZ Fast US,f000001225175,Mavenir,mavenir.com,P1 - Strategic,High,Tier A,SaaS / Software,Fast (<200 emp),ANZ + SEA + HK/JP,ANZ,Yes,Yes,Yes,,Yes,US,Non-SEA HQ (APAC presence),51-200 employees,b2b,"Computer software, Telecommunications services",16,3,1,6,2,—,1,1,3
Vanessa,10-Apr,SaaS SEA P1 ANZ Fast US,f000000786080,McAfee,mcafee.com,P1 - Strategic,Very High,Tier A,SaaS / Software,Fast (<200 emp),ANZ + SEA + HK/JP,ANZ,Yes,Yes,Yes,Yes,Yes,US,Non-SEA HQ (APAC presence),51-200 employees,b2bc,"Cybersecurity, Computer software",38,10,1,2,3,3,1,3,16
Vanessa,10-Apr,SaaS SEA P1 ANZ Fast US,f000001575318,Menlo Security Inc.,menlosecurity.com,P1 - Strategic,High,Tier A,SaaS / Software,Fast (<200 emp),ANZ + SEA + HK/JP,ANZ,Yes,Yes,,,Yes,US,Non-SEA HQ (APAC presence),51-200 employees,b2b,"Cybersecurity, IT consulting and support services",17,1,—,8,—,—,1,—,7
Vanessa,10-Apr,SaaS SEA P1 ANZ Fast US,f000000747367,MicroStrategy,microstrategy.com,P1 - Strategic,High,Tier A,SaaS / Software,Fast (<200 emp),ANZ + SEA + HK/JP,ANZ,Yes,Yes,,,,US,Non-SEA HQ (APAC presence),51-200 employees,b2b,"Computer software, Data analytics or artificial intelligence",20,4,1,5,—,—,—,1,10
Vanessa,10-Apr,SaaS SEA P1 ANZ Fast Local,f000000245517,Microgenesis,mgenesis.com,P1 - Strategic,High,Tier A,SaaS / Software,Fast (<200 emp),ANZ + SEA,ANZ,Yes,,,,Yes,PH,SEA HQ,51-200 employees,b2b,"Hosting and cloud infrastructure, IT consulting and support services",0,1,—,—,—,—,17,—,—
Vanessa,10-Apr,SaaS SEA P1 ANZ Fast US,f000000811515,Mindbody,mindbodyonline.com,P1 - Strategic,High,Tier A,SaaS / Software,Fast (<200 emp),ANZ + SEA,ANZ,Yes,Yes,,,,US,Non-SEA HQ (APAC presence),51-200 employees,b2bc,"Computer software, Fitness and wellness centres",18,17,—,1,—,—,—,—,—
Vanessa,10-Apr,SaaS SEA P1 ANZ Fast US,f000000260371,Minitab,minitab.com,P1 - Strategic,High,Tier A,SaaS / Software,Fast (<200 emp),ANZ + SEA + HK/JP,ANZ,Yes,Yes,,,,US,Non-SEA HQ (APAC presence),11-50 employees,b2b,"Computer software, Data analytics or artificial intelligence",12,5,—,1,—,—,—,5,1
Vanessa,10-Apr,SaaS SEA P1 ANZ Fast US,f000001685864,Miro,miro.com,P1 - Strategic,Very High,Tier A,SaaS / Software,Fast (<200 emp),ANZ + SEA + HK/JP,ANZ,Yes,Yes,,,,US,Non-SEA HQ (APAC presence),51-200 employees,b2bc,"Computer software, Design services (creative and digital)",37,16,2,5,—,—,—,—,16
Vanessa,10-Apr,SaaS SEA P1 ANZ Fast US,f000001685887,Mitratech,mitratech.com,P1 - Strategic,Very High,Tier A,SaaS / Software,Fast (<200 emp),ANZ + SEA,ANZ,Yes,,,Yes,Yes,US,Non-SEA HQ (APAC presence),11-50 employees,b2b,"Cybersecurity, Computer software",25,2,1,—,—,1,22,—,—
Vanessa,10-Apr,SaaS SEA P1 ANZ Fast US,f000000265649,Momence,momence.com,P1 - Strategic,High,Tier A,SaaS / Software,Fast (<200 emp),ANZ + SEA,ANZ,Yes,,,,Yes,US,Non-SEA HQ (APAC presence),11-50 employees,b2b,"Computer software, Fitness and wellness centres",13,9,—,—,—,—,4,—,—
Vanessa,10-Apr,SaaS SEA P1 ANZ Fast US,f000001381743,Monotype,monotype.com,P1 - Strategic,Very High,Tier A,SaaS / Software,Fast (<200 emp),ANZ + SEA + HK/JP,ANZ,Yes,Yes,,,,US,Non-SEA HQ (APAC presence),51-200 employees,b2bc,"Computer software, Design services (creative and digital)",30,11,—,4,—,—,—,1,14
Vanessa,10-Apr,SaaS SEA P1 ANZ Fast US,f000000281587,MuleSoft,mulesoft.com,P1 - Strategic,Very High,Tier A,SaaS / Software,Fast (<200 emp),ANZ + SEA + HK/JP,ANZ,Yes,Yes,,,,US,Non-SEA HQ (APAC presence),51-200 employees,b2b,"Computer software, IT consulting and support services",27,15,5,5,—,—,—,—,7
Vanessa,10-Apr,SaaS SEA P1 ANZ Fast US,f000001135536,Multiplier,usemultiplier.com,P1 - Strategic,High,Tier A,SaaS / Software,Fast (<200 emp),ANZ + SEA,ANZ,Yes,Yes,,,Yes,US,Non-SEA HQ (APAC presence),51-200 employees,b2b,"Computer software, Human resources services",17,4,—,12,—,—,1,—,—
Vanessa,10-Apr,SaaS SEA P1 ANZ Mid,f000000276299,N-able,n-able.com,P1 - Strategic,High,Tier A,SaaS / Software,Mid (200–1000 emp),ANZ + SEA + HK/JP,ANZ,Yes,,,,Yes,US,Non-SEA HQ (APAC presence),201-500 employees,b2b,"Cybersecurity, IT consulting and support services",21,20,—,—,—,—,1,—,—
Vanessa,10-Apr,SaaS SEA P1 ANZ Fast US,f000001228599,NETGEAR,netgear.com,P1 - Strategic,High,Tier A,SaaS / Software,Fast (<200 emp),ANZ + SEA + HK/JP,ANZ,Yes,Yes,,,,US,Non-SEA HQ (APAC presence),51-200 employees,b2bc,"Cybersecurity, Computer hardware manufacturing",17,9,—,2,—,—,—,2,4
Vanessa,10-Apr,SaaS SEA P1 ANZ Fast US,f000001648053,NETSCOUT,netscout.com,P1 - Strategic,High,Tier A,SaaS / Software,Fast (<200 emp),ANZ + SEA + HK/JP,ANZ,Yes,Yes,Yes,Yes,,US,Non-SEA HQ (APAC presence),51-200 employees,b2b,"Cybersecurity, Computer software",23,10,1,7,1,2,—,1,2
Vanessa,10-Apr,SaaS SEA P1 ANZ Fast US,f000000747423,New Relic,newrelic.com,P1 - Strategic,Very High,Tier A,SaaS / Software,Fast (<200 emp),ANZ + SEA + HK/JP,ANZ,Yes,Yes,,,,US,Non-SEA HQ (APAC presence),51-200 employees,b2b,"Computer software, Data analytics or artificial intelligence",34,14,1,6,—,—,—,—,14
Vanessa,10-Apr,SaaS SEA P1 ANZ Fast US,f000000285014,NinjaOne,ninjaone.com,P1 - Strategic,Very High,Tier A,SaaS / Software,Fast (<200 emp),ANZ + SEA + HK/JP,ANZ,Yes,,Yes,,Yes,US,Non-SEA HQ (APAC presence),51-200 employees,b2bvsb2c-no-data,"Computer software, IT consulting and support services",35,33,—,—,1,—,1,—,—
Vanessa,10-Apr,SaaS SEA P1 ANZ Mid,f000002601450,Northrop Grumman,northropgrumman.com,P1 - Strategic,High,Tier A,SaaS / Software,Mid (200–1000 emp),ANZ + SEA + HK/JP,ANZ,Yes,,,Yes,Yes,US,Non-SEA HQ (APAC presence),501-1000 employees,b2b,"Cybersecurity, Aerospace and defense manufacturing",11,5,4,—,—,1,2,—,3
Vanessa,10-Apr,SaaS SEA P1 ANZ Fast US,f000001627167,OPSWAT,opswat.com,P1 - Strategic,High,Tier A,SaaS / Software,Fast (<200 emp),ANZ + SEA + HK/JP,ANZ,Yes,Yes,,,,US,Non-SEA HQ (APAC presence),11-50 employees,b2b,"Cybersecurity, Security and investigation services",11,4,—,2,—,—,—,—,5
Vanessa,10-Apr,SaaS SEA P1 ANZ Mid,f000001405748,Odoo,odoo.com,P1 - Strategic,Very High,Tier A,SaaS / Software,Mid (200–1000 emp),ANZ + SEA + HK/JP,ANZ,Yes,,Yes,Yes,Yes,BE,Non-SEA HQ (APAC presence),201-500 employees,b2b,"Computer software, IT consulting and support services",101,21,—,—,1,15,1,63,—
Vanessa,10-Apr,SaaS SEA P1 ANZ Fast US,f000001627125,OneStream Software,onestream.com,P1 - Strategic,High,Tier A,SaaS / Software,Fast (<200 emp),ANZ + SEA,ANZ,Yes,Yes,,Yes,,US,Non-SEA HQ (APAC presence),11-50 employees,b2bvsb2c-no-data,"Computer software, Data analytics or artificial intelligence",14,9,—,3,—,2,—,—,—
Vanessa,10-Apr,SaaS SEA P1 ANZ Fast US,f000000004590,Online Shop,onlineshop.com,P1 - Strategic,High,Tier A,SaaS / Software,Fast (<200 emp),ANZ + SEA,ANZ,Yes,,,Yes,Yes,US,Non-SEA HQ (APAC presence),51-200 employees,b2bvsb2c-no-data,"Internet services and web portals, E-commerce retailers",14,1,—,—,—,10,3,—,—
Vanessa,10-Apr,SaaS SEA P1 ANZ Fast US,f000000336381,OutSystems,outsystems.com,P1 - Strategic,Very High,Tier A,SaaS / Software,Fast (<200 emp),ANZ + SEA + HK/JP,ANZ,Yes,Yes,Yes,Yes,Yes,US,Non-SEA HQ (APAC presence),51-200 employees,b2b,"Computer software, Hosting and cloud infrastructure",39,9,—,10,2,4,2,2,10
Vanessa,10-Apr,SaaS SEA P1 ANZ Mid,f000001701676,Own bussiness,sonianet.com,P1 - Strategic,Very High,Tier A,SaaS / Software,Mid (200–1000 emp),ANZ + SEA + HK/JP,ANZ,Yes,,Yes,Yes,Yes,,Non-SEA HQ (APAC presence),501-1000 employees,b2bvsb2c-no-data,"Internet services and web portals, E-commerce retailers",50,7,18,—,14,7,21,—,1
Vanessa,10-Apr,SaaS SEA P1 ANZ Mid,f000004084378,Owner,owner.app,P1 - Strategic,High,Tier A,SaaS / Software,Mid (200–1000 emp),ANZ + SEA + HK/JP,ANZ,Yes,,Yes,Yes,Yes,US,Non-SEA HQ (APAC presence),501-1000 employees,b2b,"Computer software, Marketing and advertising services",24,12,26,—,1,5,5,1,—
Vanessa,10-Apr,SaaS SEA P1 ANZ Fast US,f000001032360,PGi,pgi.com,P1 - Strategic,High,Tier A,SaaS / Software,Fast (<200 emp),ANZ + SEA + HK/JP,ANZ,Yes,Yes,Yes,,,US,Non-SEA HQ (APAC presence),51-200 employees,b2bvsb2c-no-data,"Internet services and web portals, IT consulting and support services",16,9,5,1,2,—,—,—,4
Vanessa,10-Apr,SaaS SEA P1 ANZ Fast US,f000000818345,Perforce Software,perforce.com,P1 - Strategic,High,Tier A,SaaS / Software,Fast (<200 emp),ANZ + SEA,ANZ,Yes,Yes,,,,US,Non-SEA HQ (APAC presence),11-50 employees,b2b,"Computer software, IT consulting and support services",11,7,1,4,—,—,—,—,—
Vanessa,10-Apr,SaaS SEA P1 ANZ Fast US,f000001686107,Ping Identity,pingidentity.com,P1 - Strategic,High,Tier A,SaaS / Software,Fast (<200 emp),ANZ + SEA,ANZ,Yes,Yes,,Yes,,US,Non-SEA HQ (APAC presence),51-200 employees,b2b,"Cybersecurity, IT consulting and support services",24,12,3,11,—,1,—,—,—
Vanessa,10-Apr,SaaS SEA P1 ANZ Fast US,f000001543315,Podium,podium.com,P1 - Strategic,Very High,Tier A,SaaS / Software,Fast (<200 emp),ANZ + SEA + HK/JP,ANZ,Yes,,,,Yes,US,Non-SEA HQ (APAC presence),51-200 employees,b2b,"Computer software, Call centers and customer support services",72,71,3,—,—,—,1,—,—
Vanessa,10-Apr,SaaS SEA P1 ANZ Fast US,f000000341025,Procore Technologies,procore.com,P1 - Strategic,Very High,Tier A,SaaS / Software,Fast (<200 emp),ANZ + SEA,ANZ,Yes,,,Yes,,US,Non-SEA HQ (APAC presence),51-200 employees,b2b,"Construction, Computer software",59,58,—,—,—,1,—,—,—
Vanessa,10-Apr,SaaS SEA P1 ANZ Fast US,f000000785728,Progress,progress.com,P1 - Strategic,High,Tier A,SaaS / Software,Fast (<200 emp),ANZ + SEA + HK/JP,ANZ,Yes,Yes,Yes,Yes,Yes,US,Non-SEA HQ (APAC presence),51-200 employees,b2b,"Computer software, Hosting and cloud infrastructure",16,6,—,3,3,1,1,—,2
Vanessa,10-Apr,SaaS SEA P1 ANZ Fast US,f000000817915,Qlik,qlik.com,P1 - Strategic,Very High,Tier A,SaaS / Software,Fast (<200 emp),ANZ + SEA + HK/JP,ANZ,Yes,Yes,Yes,Yes,Yes,US,Non-SEA HQ (APAC presence),51-200 employees,b2b,"Computer software, IT consulting and support services",57,17,1,15,3,1,5,1,15
Vanessa,10-Apr,SaaS SEA P1 ANZ Fast US,f000000964057,Quest Software,quest.com,P1 - Strategic,Very High,Tier A,SaaS / Software,Fast (<200 emp),ANZ + SEA + HK/JP,ANZ,Yes,Yes,Yes,,Yes,US,Non-SEA HQ (APAC presence),51-200 employees,b2b,"Computer software, IT consulting and support services",43,15,1,7,11,—,1,5,4
Vanessa,10-Apr,SaaS SEA P1 ANZ Fast US,f000001497407,R Systems,rsystems.com,P1 - Strategic,High,Tier A,SaaS / Software,Fast (<200 emp),ANZ + SEA + HK/JP,ANZ,Yes,Yes,Yes,Yes,Yes,US,Non-SEA HQ (APAC presence),51-200 employees,b2b,"Computer software, IT consulting and support services",13,—,2,3,5,2,3,—,—
Vanessa,10-Apr,SaaS SEA P1 ANZ Fast US,f000000568585,RSA Security,rsa.com,P1 - Strategic,High,Tier A,SaaS / Software,Fast (<200 emp),ANZ + SEA + HK/JP,ANZ,Yes,Yes,Yes,Yes,Yes,US,Non-SEA HQ (APAC presence),51-200 employees,b2b,Cybersecurity,20,5,—,3,2,1,1,2,6
Vanessa,10-Apr,SaaS SEA P1 ANZ Fast US,f000001436708,RUCKUS Networks,ruckusnetworks.com,P1 - Strategic,High,Tier A,SaaS / Software,Fast (<200 emp),ANZ + SEA + HK/JP,ANZ,Yes,Yes,Yes,Yes,,US,Non-SEA HQ (APAC presence),51-200 employees,b2b,"Telecommunications services, Hosting and cloud infrastructure",17,4,4,3,4,4,—,2,—
Vanessa,10-Apr,SaaS SEA P1 ANZ Fast US,f000000365682,Rackspace Technology,rackspace.com,P1 - Strategic,High,Tier A,SaaS / Software,Fast (<200 emp),ANZ + SEA + HK/JP,ANZ,Yes,Yes,,,,US,Non-SEA HQ (APAC presence),51-200 employees,b2b,"Cybersecurity, IT consulting and support services",15,9,—,2,—,—,—,3,1
Vanessa,10-Apr,SaaS SEA P1 ANZ Fast US,f000001748301,Rakuten Advertising,rakutenadvertising.com,P1 - Strategic,High,Tier A,SaaS / Software,Fast (<200 emp),ANZ + SEA + HK/JP,ANZ,Yes,Yes,,,,US,Non-SEA HQ (APAC presence),51-200 employees,b2bc,"Internet services and web portals, Marketing and advertising services",19,12,—,5,—,—,—,—,2
Vanessa,10-Apr,SaaS SEA P1 ANZ Fast US,f000001446376,Rapid7,rapid7.com,P1 - Strategic,Very High,Tier A,SaaS / Software,Fast (<200 emp),ANZ + SEA + HK/JP,ANZ,Yes,Yes,,Yes,,US,Non-SEA HQ (APAC presence),51-200 employees,b2b,"Cybersecurity, Computer software",37,17,1,10,—,1,—,—,9
Vanessa,10-Apr,SaaS SEA P1 ANZ Fast US,f000001671282,Recorded Future,recordedfuture.com,P1 - Strategic,Very High,Tier A,SaaS / Software,Fast (<200 emp),ANZ + SEA + HK/JP,ANZ,Yes,Yes,,,,US,Non-SEA HQ (APAC presence),51-200 employees,b2b,"Cybersecurity, Data analytics or artificial intelligence",28,7,—,10,—,—,—,—,11
Vanessa,10-Apr,SaaS SEA P1 ANZ Fast US,f000000357083,Redis,redis.com,P1 - Strategic,High,Tier A,SaaS / Software,Fast (<200 emp),ANZ + SEA,ANZ,Yes,Yes,,Yes,,US,Non-SEA HQ (APAC presence),11-50 employees,b2b,"Computer software, Hosting and cloud infrastructure",16,1,—,11,—,4,—,—,—
Vanessa,10-Apr,SaaS SEA P1 ANZ Fast US,f000000819611,Ribbon,ribboncommunications.com,P1 - Strategic,High,Tier A,SaaS / Software,Fast (<200 emp),ANZ + SEA + HK/JP,ANZ,Yes,Yes,Yes,Yes,Yes,US,Non-SEA HQ (APAC presence),51-200 employees,b2b,"Telecommunications services, Hosting and cloud infrastructure",20,4,—,4,1,1,3,2,5
Vanessa,10-Apr,SaaS SEA P1 ANZ Fast US,f000000497010,Rimini Street,riministreet.com,P1 - Strategic,Very High,Tier A,SaaS / Software,Fast (<200 emp),ANZ + SEA + HK/JP,ANZ,Yes,Yes,Yes,,,US,Non-SEA HQ (APAC presence),51-200 employees,b2b,"Computer software, IT consulting and support services",32,16,3,3,1,—,—,—,12
Vanessa,10-Apr,SaaS SEA P1 ANZ Mid,f000000499559,"RipeConcepts, Inc.",ripeconcepts.com,P1 - Strategic,High,Tier A,SaaS / Software,Mid (200–1000 emp),ANZ + SEA,ANZ,Yes,,,,Yes,US,Non-SEA HQ (APAC presence),201-500 employees,b2b,"Computer software, Design services (creative and digital)",10,—,1,—,—,—,10,—,—
Vanessa,10-Apr,SaaS SEA P1 ANZ Fast US,f000001607442,Rippling,rippling.com,P1 - Strategic,Very High,Tier A,SaaS / Software,Fast (<200 emp),ANZ + SEA + HK/JP,ANZ,Yes,,,Yes,,US,Non-SEA HQ (APAC presence),51-200 employees,b2b,"Computer software, Human resources services",34,32,2,—,—,2,—,—,—
Vanessa,10-Apr,SaaS SEA P1 ANZ Fast US,f000001235085,"Riskonnect, Inc.",riskonnect.com,P1 - Strategic,High,Tier A,SaaS / Software,Fast (<200 emp),ANZ + SEA,ANZ,Yes,Yes,,,Yes,US,Non-SEA HQ (APAC presence),11-50 employees,b2b,"Computer software, Business support services",10,8,—,1,—,—,1,—,—
Vanessa,10-Apr,SaaS SEA P1 ANZ Fast US,f000000387556,Riverbed Technology,riverbed.com,P1 - Strategic,High,Tier A,SaaS / Software,Fast (<200 emp),ANZ + SEA + HK/JP,ANZ,Yes,Yes,,,,US,Non-SEA HQ (APAC presence),51-200 employees,b2b,"Computer software, Data analytics or artificial intelligence",15,9,—,4,—,—,—,—,2
Vanessa,10-Apr,SaaS SEA P1 ANZ Fast US,f000000375091,Rocket Software,rocketsoftware.com,P1 - Strategic,High,Tier A,SaaS / Software,Fast (<200 emp),ANZ + SEA + HK/JP,ANZ,Yes,Yes,,,,US,Non-SEA HQ (APAC presence),51-200 employees,b2bvsb2c-no-data,"Hosting and cloud infrastructure, IT consulting and support services",13,8,—,4,—,—,—,1,—
Vanessa,10-Apr,SaaS SEA P1 ANZ Fast US,f000001435363,Rubrik,rubrik.com,P1 - Strategic,Very High,Tier A,SaaS / Software,Fast (<200 emp),ANZ + SEA + HK/JP,ANZ,Yes,Yes,Yes,Yes,Yes,US,Non-SEA HQ (APAC presence),51-200 employees,b2b,"Cybersecurity, Computer software",33,9,—,4,2,4,2,—,12
Vanessa,10-Apr,SaaS SEA P1 ANZ Fast US,f000000611080,SAIC,saic.com,P1 - Strategic,High,Tier A,SaaS / Software,Fast (<200 emp),ANZ + SEA + HK/JP,ANZ,Yes,,Yes,Yes,Yes,US,Non-SEA HQ (APAC presence),51-200 employees,b2b,"Cybersecurity, IT consulting and support services",10,6,1,—,1,1,1,—,1
Vanessa,10-Apr,SaaS SEA P1 ANZ Fast US,f000001672453,SANS Institute,sans.org,P1 - Strategic,High,Tier A,SaaS / Software,Fast (<200 emp),ANZ + SEA + HK/JP,ANZ,Yes,Yes,,,Yes,US,Non-SEA HQ (APAC presence),11-50 employees,b2bc,"Cybersecurity, Professional training and coaching",14,3,1,4,—,—,5,—,2
Vanessa,10-Apr,SaaS SEA P1 ANZ Fast US,f000001469120,SHI International Corp.,shi.com,P1 - Strategic,High,Tier A,SaaS / Software,Fast (<200 emp),ANZ + SEA + HK/JP,ANZ,Yes,Yes,,Yes,,US,Non-SEA HQ (APAC presence),11-50 employees,b2b,"Computer software, IT consulting and support services",21,2,—,10,—,4,—,5,—
Vanessa,10-Apr,SaaS SEA P1 ANZ Fast US,f000000625129,SS&C Blue Prism,blueprism.com,P1 - Strategic,High,Tier A,SaaS / Software,Fast (<200 emp),ANZ + SEA + HK/JP,ANZ,Yes,Yes,,,,US,Non-SEA HQ (APAC presence),51-200 employees,b2b,"Computer software, Data analytics or artificial intelligence",20,8,—,3,—,—,—,1,8
Vanessa,10-Apr,SaaS SEA P1 ANZ Fast US,f000000516837,SS&C Intralinks,intralinks.com,P1 - Strategic,Very High,Tier A,SaaS / Software,Fast (<200 emp),ANZ + SEA + HK/JP,ANZ,Yes,Yes,,Yes,,US,Non-SEA HQ (APAC presence),51-200 employees,b2b,"Computer software, Financial technology (fintech)",62,16,—,19,—,1,—,11,15
Vanessa,10-Apr,SaaS SEA P1 ANZ Fast US,f000001635739,SailPoint,sailpoint.com,P1 - Strategic,Very High,Tier A,SaaS / Software,Fast (<200 emp),ANZ + SEA + HK/JP,ANZ,Yes,Yes,,,Yes,US,Non-SEA HQ (APAC presence),51-200 employees,b2b,"Cybersecurity, Computer software",45,17,3,14,—,—,1,3,10
Vanessa,10-Apr,SaaS SEA P1 ANZ Mid,f000000180851,Secret,joinsecret.com,P1 - Strategic,High,Tier A,SaaS / Software,Mid (200–1000 emp),ANZ + SEA + HK/JP,ANZ,Yes,,,Yes,Yes,FR,Non-SEA HQ (APAC presence),201-500 employees,b2bc,"Internet services and web portals, Business support services",21,7,2,—,—,5,5,3,1
Vanessa,10-Apr,SaaS SEA P1 ANZ Fast US,f000001437312,SecurityScorecard,securityscorecard.com,P1 - Strategic,High,Tier A,SaaS / Software,Fast (<200 emp),ANZ + SEA + HK/JP,ANZ,Yes,Yes,Yes,Yes,,US,Non-SEA HQ (APAC presence),11-50 employees,b2b,"Cybersecurity, Security and investigation services",15,2,—,4,2,4,—,—,3
Vanessa,10-Apr,SaaS SEA P1 ANZ Fast US,f000001468846,Segment,segment.com,P1 - Strategic,High,Tier A,SaaS / Software,Fast (<200 emp),ANZ + SEA,ANZ,Yes,Yes,,,Yes,US,Non-SEA HQ (APAC presence),11-50 employees,b2b,"Internet services and web portals, Data analytics or artificial intelligence",14,10,1,1,—,—,3,—,—
Vanessa,10-Apr,SaaS SEA P1 ANZ Fast US,f000001636327,Semrush,semrush.com,P1 - Strategic,High,Tier A,SaaS / Software,Fast (<200 emp),ANZ + SEA,ANZ,Yes,Yes,Yes,Yes,,US,Non-SEA HQ (APAC presence),11-50 employees,b2b,"Computer software, Marketing and advertising services",11,6,—,2,1,2,—,—,—
Vanessa,10-Apr,SaaS SEA P1 ANZ Fast US,f000001437408,SentinelOne,sentinelone.com,P1 - Strategic,High,Tier A,SaaS / Software,Fast (<200 emp),ANZ + SEA + HK/JP,ANZ,Yes,Yes,Yes,Yes,,US,Non-SEA HQ (APAC presence),51-200 employees,b2b,"Cybersecurity, Data analytics or artificial intelligence",21,12,—,2,3,1,—,—,3
Vanessa,10-Apr,SaaS SEA P1 ANZ Fast US,f000001468985,SevenRooms,sevenrooms.com,P1 - Strategic,Very High,Tier A,SaaS / Software,Fast (<200 emp),ANZ + SEA + HK/JP,ANZ,Yes,Yes,,,,US,Non-SEA HQ (APAC presence),11-50 employees,b2bc,"Food and beverage services, Computer software",27,20,—,5,—,—,—,2,—
Vanessa,10-Apr,SaaS SEA P1 ANZ Fast Local,f000001437636,Shiji Group,shijigroup.com,P1 - Strategic,High,Tier A,SaaS / Software,Fast (<200 emp),ANZ + SEA + HK/JP,ANZ,Yes,Yes,Yes,Yes,Yes,SG,SEA HQ,51-200 employees,b2b,"Accommodation and lodging, Computer software",0,5,—,5,2,1,2,4,3
Vanessa,10-Apr,SaaS SEA P1 ANZ Fast US,f000001661309,Silverfort,silverfort.com,P1 - Strategic,High,Tier A,SaaS / Software,Fast (<200 emp),ANZ + SEA + HK/JP,ANZ,Yes,Yes,,,,US,Non-SEA HQ (APAC presence),11-50 employees,b2b,Cybersecurity,10,4,—,6,—,—,—,—,—
Vanessa,10-Apr,SaaS SEA P1 ANZ Fast US,f000001486813,Similarweb,similarweb.com,P1 - Strategic,Very High,Tier A,SaaS / Software,Fast (<200 emp),ANZ + SEA + HK/JP,ANZ,Yes,Yes,,,,US,Non-SEA HQ (APAC presence),51-200 employees,b2b,"Internet services and web portals, Data analytics or artificial intelligence",35,3,1,24,—,—,—,—,8
Vanessa,10-Apr,SaaS SEA P1 ANZ Fast US,f000000798426,Skyhigh Security,skyhighsecurity.com,P1 - Strategic,High,Tier A,SaaS / Software,Fast (<200 emp),ANZ + SEA + HK/JP,ANZ,Yes,Yes,Yes,Yes,,US,Non-SEA HQ (APAC presence),51-200 employees,b2b,"Cybersecurity, Computer software",13,3,2,3,2,1,—,—,4
Vanessa,10-Apr,SaaS SEA P1 ANZ Fast US,f000000787015,Slack,slack.com,P1 - Strategic,Very High,Tier A,SaaS / Software,Fast (<200 emp),ANZ + SEA + HK/JP,ANZ,Yes,Yes,,,Yes,US,Non-SEA HQ (APAC presence),51-200 employees,b2b,"Computer software, Internet services and web portals",35,15,4,4,—,—,1,—,15
Vanessa,10-Apr,SaaS SEA P1 ANZ Fast US,f000001469611,Smartsheet,smartsheet.com,P1 - Strategic,Very High,Tier A,SaaS / Software,Fast (<200 emp),ANZ + SEA + HK/JP,ANZ,Yes,,,,Yes,US,Non-SEA HQ (APAC presence),51-200 employees,b2b,"Computer software, Business support services",56,40,—,—,—,—,9,—,7
Vanessa,10-Apr,SaaS SEA P1 ANZ Fast US,f000001663748,Snyk,snyk.io,P1 - Strategic,High,Tier A,SaaS / Software,Fast (<200 emp),ANZ + SEA + HK/JP,ANZ,Yes,Yes,,Yes,,US,Non-SEA HQ (APAC presence),11-50 employees,b2b,"Cybersecurity, Data analytics or artificial intelligence",13,9,1,2,—,1,—,—,1
Vanessa,10-Apr,SaaS SEA P1 ANZ Fast US,f000001462147,SonicWall,sonicwall.com,P1 - Strategic,High,Tier A,SaaS / Software,Fast (<200 emp),ANZ + SEA + HK/JP,ANZ,Yes,Yes,,,,US,Non-SEA HQ (APAC presence),11-50 employees,b2bvsb2c-no-data,"Cybersecurity, Computer software",12,3,—,1,—,—,—,2,6
Vanessa,10-Apr,SaaS SEA P1 ANZ Mid,f000000844982,Spectrum,sc.nz,P1 - Strategic,Very High,Tier A,SaaS / Software,Mid (200–1000 emp),ANZ + SEA + HK/JP,ANZ,Yes,,,Yes,,NZ,Non-SEA HQ (APAC presence),201-500 employees,b2bvsb2c-no-data,"Hosting and cloud infrastructure, IT consulting and support services",25,2,26,—,—,22,—,—,1
Vanessa,10-Apr,SaaS SEA P1 ANZ Fast US,f000000160938,Sprinklr,sprinklr.com,P1 - Strategic,Very High,Tier A,SaaS / Software,Fast (<200 emp),ANZ + SEA + HK/JP,ANZ,Yes,Yes,,,,US,Non-SEA HQ (APAC presence),51-200 employees,b2b,"Computer software, Marketing and advertising services",29,13,—,10,—,—,—,1,5
Vanessa,10-Apr,SaaS SEA P1 ANZ Fast US,f000001531468,"Sprout Social, Inc.",sproutsocial.com,P1 - Strategic,Very High,Tier A,SaaS / Software,Fast (<200 emp),ANZ + SEA,ANZ,Yes,Yes,,Yes,,US,Non-SEA HQ (APAC presence),51-200 employees,b2b,"Computer software, Marketing and advertising services",27,10,—,16,—,1,—,—,—
Vanessa,10-Apr,SaaS SEA P1 ANZ Mid,f000000162285,Square,squareup.com,P1 - Strategic,Very High,Tier A,SaaS / Software,Mid (200–1000 emp),ANZ + SEA + HK/JP,ANZ,Yes,,,Yes,,US,Non-SEA HQ (APAC presence),201-500 employees,b2b,"Computer software, Financial technology (fintech)",125,99,1,—,—,1,—,—,25
Vanessa,10-Apr,SaaS SEA P1 ANZ Fast US,f000001452082,Sumo Logic,sumologic.com,P1 - Strategic,High,Tier A,SaaS / Software,Fast (<200 emp),ANZ + SEA + HK/JP,ANZ,Yes,Yes,,Yes,Yes,US,Non-SEA HQ (APAC presence),11-50 employees,b2b,"Computer software, Data analytics or artificial intelligence",16,7,2,6,—,1,1,—,1
Vanessa,10-Apr,SaaS SEA P1 ANZ Fast US,f000001642507,Supermicro,supermicro.com,P1 - Strategic,Very High,Tier A,SaaS / Software,Fast (<200 emp),ANZ + SEA + HK/JP,ANZ,Yes,Yes,Yes,Yes,,US,Non-SEA HQ (APAC presence),51-200 employees,b2b,"Computer hardware manufacturing, Hosting and cloud infrastructure",27,1,—,2,2,3,—,—,19
Vanessa,10-Apr,SaaS SEA P1 ANZ Fast US,f000001492211,Symark Software,beyondtrust.com,P1 - Strategic,High,Tier A,SaaS / Software,Fast (<200 emp),ANZ + SEA + HK/JP,ANZ,Yes,Yes,,Yes,,US,Non-SEA HQ (APAC presence),51-200 employees,b2bvsb2c-no-data,"Cybersecurity, IT consulting and support services",19,10,—,7,—,2,—,—,—
Vanessa,10-Apr,SaaS SEA P1 ANZ Fast US,f000001463562,SymphonyAI,symphonyai.com,P1 - Strategic,High,Tier A,SaaS / Software,Fast (<200 emp),ANZ + SEA,ANZ,Yes,Yes,Yes,,,US,Non-SEA HQ (APAC presence),51-200 employees,b2b,"Computer software, Data analytics or artificial intelligence",10,5,2,2,3,—,—,—,—
Vanessa,10-Apr,SaaS SEA P1 ANZ Fast US,f000000785712,TIBCO,tibco.com,P1 - Strategic,High,Tier A,SaaS / Software,Fast (<200 emp),ANZ + SEA + HK/JP,ANZ,Yes,Yes,Yes,,,US,Non-SEA HQ (APAC presence),51-200 employees,b2b,"Computer software, Data analytics or artificial intelligence",11,3,—,1,1,—,—,1,5
Vanessa,10-Apr,SaaS SEA P1 ANZ Fast Local,f000001586709,TRT,trt.com,P1 - Strategic,Very High,Tier A,SaaS / Software,Fast (<200 emp),ANZ + SEA,ANZ,Yes,Yes,Yes,,Yes,SG,SEA HQ,51-200 employees,b2b,"Cybersecurity, IT consulting and support services",0,2,6,2,1,—,13,—,—
Vanessa,10-Apr,SaaS SEA P1 ANZ Fast Local,f000000975183,TabSquare - Restaurant Self Ordering Platform,tabsquare.ai,P1 - Strategic,High,Tier A,SaaS / Software,Fast (<200 emp),ANZ + SEA,ANZ,Yes,Yes,Yes,Yes,Yes,SG,SEA HQ,51-200 employees,b2b,"Food and beverage services, Computer software",0,1,—,8,3,1,1,—,—
Vanessa,10-Apr,SaaS SEA P1 ANZ Fast US,f000001074988,Tableau,tableau.com,P1 - Strategic,Very High,Tier A,SaaS / Software,Fast (<200 emp),ANZ + SEA + HK/JP,ANZ,Yes,Yes,Yes,Yes,Yes,US,Non-SEA HQ (APAC presence),51-200 employees,b2b,"Computer software, Data analytics or artificial intelligence",70,14,1,20,1,1,2,2,30
Vanessa,10-Apr,SaaS SEA P1 ANZ Fast US,f000000077561,Tanium,tanium.com,P1 - Strategic,Very High,Tier A,SaaS / Software,Fast (<200 emp),ANZ + SEA + HK/JP,ANZ,Yes,Yes,Yes,Yes,,US,Non-SEA HQ (APAC presence),51-200 employees,b2b,"Cybersecurity, IT consulting and support services",35,4,—,2,1,1,—,—,27
Vanessa,10-Apr,SaaS SEA P1 ANZ Fast US,f000001519854,Tealium,tealium.com,P1 - Strategic,High,Tier A,SaaS / Software,Fast (<200 emp),ANZ + SEA + HK/JP,ANZ,Yes,Yes,,,,US,Non-SEA HQ (APAC presence),51-200 employees,b2b,"Computer software, Data analytics or artificial intelligence",12,8,—,4,—,—,—,—,—
Vanessa,10-Apr,SaaS SEA P1 ANZ Fast Local,f000001076276,Tectura,tectura.com,P1 - Strategic,High,Tier A,SaaS / Software,Fast (<200 emp),ANZ + SEA + HK/JP,ANZ,Yes,Yes,,,,SG,SEA HQ,51-200 employees,b2b,"Computer software, IT consulting and support services",0,1,—,1,—,—,—,1,1
Vanessa,10-Apr,SaaS SEA P1 ANZ Fast US,f000001520044,Tenable,tenable.com,P1 - Strategic,Very High,Tier A,SaaS / Software,Fast (<200 emp),ANZ + SEA + HK/JP,ANZ,Yes,Yes,Yes,Yes,Yes,US,Non-SEA HQ (APAC presence),51-200 employees,b2b,Cybersecurity,33,10,2,10,2,1,6,1,3
Vanessa,10-Apr,SaaS SEA P1 ANZ Fast US,f000001612320,Terumo Medical Corporation,terumomedical.com,P1 - Strategic,High,Tier A,SaaS / Software,Fast (<200 emp),ANZ + SEA + HK/JP,ANZ,Yes,,,Yes,Yes,US,Non-SEA HQ (APAC presence),51-200 employees,b2b,"Computer software, Medical devices and equipment manufacturing",20,16,3,—,—,2,1,—,1
Vanessa,10-Apr,SaaS SEA P1 ANZ Fast US,f000001582246,"TiDB, powered by PingCAP",pingcap.com,P1 - Strategic,High,Tier A,SaaS / Software,Fast (<200 emp),ANZ + SEA + HK/JP,ANZ,Yes,Yes,,,,US,Non-SEA HQ (APAC presence),11-50 employees,b2b,"Computer software, Hosting and cloud infrastructure",15,—,1,6,—,—,—,—,9
Vanessa,10-Apr,SaaS SEA P1 ANZ Fast US,f000001381756,Toast,pos.toasttab.com,P1 - Strategic,High,Tier A,SaaS / Software,Fast (<200 emp),ANZ + SEA,ANZ,Yes,,,Yes,,US,Non-SEA HQ (APAC presence),11-50 employees,b2b,"Computer software, Financial technology (fintech)",10,9,2,—,—,1,—,—,—
Vanessa,10-Apr,SaaS SEA P1 ANZ Fast US,f000001732854,Toshiba Global Commerce Solutions,commerce.toshiba.com,P1 - Strategic,High,Tier A,SaaS / Software,Fast (<200 emp),ANZ + SEA + HK/JP,ANZ,Yes,Yes,,,Yes,US,Non-SEA HQ (APAC presence),51-200 employees,b2b,"Computer software, Business & office supplies and equipment",12,4,—,3,—,—,5,—,—
Vanessa,10-Apr,SaaS SEA P1 ANZ Fast US,f000001444183,Tradeweb,tradeweb.com,P1 - Strategic,High,Tier A,SaaS / Software,Fast (<200 emp),ANZ + SEA + HK/JP,ANZ,Yes,Yes,,,Yes,US,Non-SEA HQ (APAC presence),51-200 employees,b2bc,"Computer software, Financial technology (fintech)",21,4,—,7,—,—,4,5,1
Vanessa,10-Apr,SaaS SEA P1 ANZ Mid,f000001473966,TransUnion,transunion.com,P1 - Strategic,High,Tier A,SaaS / Software,Mid (200–1000 emp),ANZ + SEA + HK/JP,ANZ,Yes,,,Yes,Yes,US,Non-SEA HQ (APAC presence),201-500 employees,b2bc,"Cybersecurity, Financial technology (fintech)",12,1,—,—,—,1,6,4,—
Vanessa,10-Apr,SaaS SEA P1 ANZ Fast US,f000001220717,Tricentis,tricentis.com,P1 - Strategic,Very High,Tier A,SaaS / Software,Fast (<200 emp),ANZ + SEA + HK/JP,ANZ,Yes,Yes,Yes,Yes,Yes,US,Non-SEA HQ (APAC presence),51-200 employees,b2b,"Computer software, Data analytics or artificial intelligence",49,10,1,11,1,1,19,—,7
Vanessa,10-Apr,SaaS SEA P1 ANZ Fast US,f000001221307,Tripadvisor,tripadvisor.com,P1 - Strategic,Very High,Tier A,SaaS / Software,Fast (<200 emp),ANZ + SEA + HK/JP,ANZ,Yes,Yes,,Yes,,US,Non-SEA HQ (APAC presence),51-200 employees,b2bvsb2c-no-data,"Leisure, travel and tourism, Internet services and web portals",28,5,1,18,—,1,—,—,4
Vanessa,10-Apr,SaaS SEA P1 ANZ Fast US,f000006691377,Tungsten Automation,copitrak.com,P1 - Strategic,High,Tier A,SaaS / Software,Fast (<200 emp),ANZ + SEA + HK/JP,ANZ,Yes,Yes,Yes,Yes,,US,Non-SEA HQ (APAC presence),51-200 employees,b2b,"Computer software, IT consulting and support services",23,7,—,10,4,1,—,1,—
Vanessa,10-Apr,SaaS SEA P1 ANZ Fast US,f000000747537,Tungsten Automation,tungstenautomation.com,P1 - Strategic,High,Tier A,SaaS / Software,Fast (<200 emp),ANZ + SEA + HK/JP,ANZ,Yes,Yes,Yes,,,US,Non-SEA HQ (APAC presence),11-50 employees,b2b,"Computer software, Data analytics or artificial intelligence",17,6,—,5,2,—,—,1,3
Vanessa,10-Apr,SaaS SEA P1 ANZ Fast US,f000001444544,Turnitin,turnitin.com,P1 - Strategic,High,Tier A,SaaS / Software,Fast (<200 emp),ANZ + SEA + HK/JP,ANZ,Yes,Yes,Yes,Yes,Yes,US,Non-SEA HQ (APAC presence),51-200 employees,b2b,"E-learning and online education, Computer software",23,4,—,1,2,6,8,—,2
Vanessa,10-Apr,SaaS SEA P1 ANZ Fast US,f000001086557,Typo,typoapp.io,P1 - Strategic,High,Tier A,SaaS / Software,Fast (<200 emp),ANZ + SEA,ANZ,Yes,Yes,Yes,,,US,Non-SEA HQ (APAC presence),11-50 employees,b2b,"Computer software, Data analytics or artificial intelligence",17,15,1,1,1,—,—,—,—
Vanessa,10-Apr,SaaS SEA P1 ANZ Fast US,f000001745739,Unity,unity.com,P1 - Strategic,Very High,Tier A,SaaS / Software,Fast (<200 emp),ANZ + SEA + HK/JP,ANZ,Yes,Yes,,,,US,Non-SEA HQ (APAC presence),51-200 employees,b2bvsb2c-no-data,"High-tech manufacturing, Computer software",32,—,6,12,—,—,—,2,18
Vanessa,10-Apr,SaaS SEA P1 ANZ Fast Local,f000001109881,Univers,univers.com,P1 - Strategic,High,Tier A,SaaS / Software,Fast (<200 emp),ANZ + SEA + HK/JP,ANZ,Yes,Yes,Yes,,,SG,SEA HQ,51-200 employees,b2bvsb2c-no-data,"Computer software, Renewable energy",0,1,—,10,1,—,—,2,2
Vanessa,10-Apr,SaaS SEA P1 ANZ Fast US,f000001251927,UpGuard,upguard.com,P1 - Strategic,High,Tier A,SaaS / Software,Fast (<200 emp),ANZ + SEA + HK/JP,ANZ,Yes,,,,Yes,US,Non-SEA HQ (APAC presence),51-200 employees,b2b,"Cybersecurity, IT consulting and support services",11,10,1,—,—,—,1,—,—
Vanessa,10-Apr,SaaS SEA P1 ANZ Fast US,f000000824405,VIAVI Solutions,viavisolutions.com,P1 - Strategic,Very High,Tier A,SaaS / Software,Fast (<200 emp),ANZ + SEA + HK/JP,ANZ,Yes,Yes,Yes,Yes,,US,Non-SEA HQ (APAC presence),51-200 employees,b2bc,"Cybersecurity, Telecommunications services",32,2,—,17,3,3,—,3,4
Vanessa,10-Apr,SaaS SEA P1 ANZ Fast US,f000001527060,Vanta,vanta.com,P1 - Strategic,Very High,Tier A,SaaS / Software,Fast (<200 emp),ANZ + SEA,ANZ,Yes,Yes,,,Yes,US,Non-SEA HQ (APAC presence),51-200 employees,b2b,"Cybersecurity, Computer software",34,32,—,1,—,—,1,—,—
Vanessa,10-Apr,SaaS SEA P1 ANZ Fast US,f000001587424,Varonis,varonis.com,P1 - Strategic,High,Tier A,SaaS / Software,Fast (<200 emp),ANZ + SEA + HK/JP,ANZ,Yes,Yes,,,,US,Non-SEA HQ (APAC presence),51-200 employees,b2b,"Cybersecurity, Computer software",14,10,—,2,—,—,—,—,2
Vanessa,10-Apr,SaaS SEA P1 ANZ Fast US,f000001383287,Veritas Technologies LLC,veritas.com,P1 - Strategic,Very High,Tier A,SaaS / Software,Fast (<200 emp),ANZ + SEA + HK/JP,ANZ,Yes,Yes,Yes,,,US,Non-SEA HQ (APAC presence),51-200 employees,b2b,"Cybersecurity, Computer software",25,3,—,7,2,—,—,3,10
Vanessa,10-Apr,SaaS SEA P1 ANZ Fast US,f000001268086,Verkada,verkada.com,P1 - Strategic,Very High,Tier A,SaaS / Software,Fast (<200 emp),ANZ + SEA + HK/JP,ANZ,Yes,Yes,,Yes,,US,Non-SEA HQ (APAC presence),51-200 employees,b2b,"Cybersecurity, IT consulting and support services",52,32,2,8,—,1,—,—,11
Vanessa,10-Apr,SaaS SEA P1 ANZ Fast US,f000001663263,Vonage,vonage.com,P1 - Strategic,High,Tier A,SaaS / Software,Fast (<200 emp),ANZ + SEA + HK/JP,ANZ,Yes,Yes,,Yes,,US,Non-SEA HQ (APAC presence),51-200 employees,b2b,"Computer software, Telecommunications services",24,2,—,18,—,2,—,1,1
Vanessa,10-Apr,SaaS SEA P1 ANZ Fast US,f000001502439,WP Engine,wpengine.com,P1 - Strategic,High,Tier A,SaaS / Software,Fast (<200 emp),ANZ + SEA,ANZ,Yes,Yes,,Yes,,US,Non-SEA HQ (APAC presence),11-50 employees,b2b,"Internet services and web portals, IT consulting and support services",14,12,—,1,—,1,—,—,—
Vanessa,10-Apr,SaaS SEA P1 ANZ Fast US,f000001620077,WalkMeâ„˘,walkme.com,P1 - Strategic,High,Tier A,SaaS / Software,Fast (<200 emp),ANZ + SEA + HK/JP,ANZ,Yes,Yes,,,,US,Non-SEA HQ (APAC presence),51-200 employees,b2b,"Computer software, IT consulting and support services",17,7,1,6,—,—,—,—,4
Vanessa,10-Apr,SaaS SEA P1 ANZ Fast US,f000001279757,Wasabi Technologies,wasabi.com,P1 - Strategic,High,Tier A,SaaS / Software,Fast (<200 emp),ANZ + SEA + HK/JP,ANZ,Yes,Yes,,,,US,Non-SEA HQ (APAC presence),11-50 employees,b2b,"Data analytics or artificial intelligence, Hosting and cloud infrastructure",11,6,—,3,—,—,—,1,1
Vanessa,10-Apr,SaaS SEA P1 ANZ Fast US,f000001597023,WatchGuard Technologies,watchguard.com,P1 - Strategic,High,Tier A,SaaS / Software,Fast (<200 emp),ANZ + SEA + HK/JP,ANZ,Yes,Yes,Yes,,,US,Non-SEA HQ (APAC presence),11-50 employees,b2b,"Cybersecurity, Computer software",12,4,1,3,1,—,—,2,2
Vanessa,10-Apr,SaaS SEA P1 ANZ Fast US,f000001239492,Windstream,windstream.com,P1 - Strategic,High,Tier A,SaaS / Software,Fast (<200 emp),ANZ + SEA,ANZ,Yes,,,Yes,Yes,US,Non-SEA HQ (APAC presence),51-200 employees,b2bc,"Internet services and web portals, Telecommunications services",14,1,—,—,—,12,1,—,—
Vanessa,10-Apr,SaaS SEA P1 ANZ Fast US,f000001472471,Winshuttle (now Precisely),precisely.com,P1 - Strategic,Very High,Tier A,SaaS / Software,Fast (<200 emp),ANZ + SEA + HK/JP,ANZ,Yes,Yes,Yes,,,US,Non-SEA HQ (APAC presence),51-200 employees,b2b,"Computer software, Data analytics or artificial intelligence",27,14,—,3,2,—,—,1,7
Vanessa,10-Apr,SaaS SEA P1 ANZ Fast US,f000001582768,Wiz,wiz.io,P1 - Strategic,Very High,Tier A,SaaS / Software,Fast (<200 emp),ANZ + SEA + HK/JP,ANZ,Yes,Yes,,Yes,,US,Non-SEA HQ (APAC presence),51-200 employees,b2b,Cybersecurity,41,20,3,7,—,2,—,—,12
Vanessa,10-Apr,SaaS SEA P1 ANZ Fast US,f000001582887,Workiva,workiva.com,P1 - Strategic,Very High,Tier A,SaaS / Software,Fast (<200 emp),ANZ + SEA + HK/JP,ANZ,Yes,Yes,,Yes,,US,Non-SEA HQ (APAC presence),51-200 employees,b2b,"Computer software, Financial technology (fintech)",29,10,—,9,—,1,—,4,5
Vanessa,10-Apr,SaaS SEA P1 ANZ Fast US,f000001602860,World Wide Technology,wwt.com,P1 - Strategic,Very High,Tier A,SaaS / Software,Fast (<200 emp),ANZ + SEA + HK/JP,ANZ,Yes,Yes,,Yes,Yes,US,Non-SEA HQ (APAC presence),51-200 employees,b2b,"Cybersecurity, IT consulting and support services",39,6,—,23,—,4,1,3,2
Vanessa,10-Apr,SaaS SEA P1 ANZ Fast US,f000000803435,ZOLL Medical Corporation,zoll.com,P1 - Strategic,High,Tier A,SaaS / Software,Fast (<200 emp),ANZ + SEA + HK/JP,ANZ,Yes,Yes,Yes,Yes,Yes,US,Non-SEA HQ (APAC presence),51-200 employees,b2b,"Computer software, Medical devices and equipment manufacturing",14,7,1,2,1,2,2,—,—
Vanessa,10-Apr,SaaS SEA P1 ANZ Mid,f000000530380,inDrive,indrive.com,P1 - Strategic,High,Tier A,SaaS / Software,Mid (200–1000 emp),ANZ + SEA,ANZ,Yes,,Yes,Yes,,US,Non-SEA HQ (APAC presence),201-500 employees,b2bvsb2c-no-data,"Internet services and web portals, Ride-sharing and taxi services",12,1,1,—,2,9,—,—,—
Vanessa,10-Apr,SaaS SEA P1 ANZ Fast US,f000000515676,insightsoftware,insightsoftware.com,P1 - Strategic,Very High,Tier A,SaaS / Software,Fast (<200 emp),ANZ + SEA,ANZ,Yes,Yes,,Yes,Yes,US,Non-SEA HQ (APAC presence),51-200 employees,b2b,"Computer software, Data analytics or artificial intelligence",28,15,1,5,—,2,6,—,—
Vanessa,10-Apr,SaaS SEA P1 ANZ Mid,f000001423755,own,flylab.io,P1 - Strategic,Very High,Tier A,SaaS / Software,Mid (200–1000 emp),ANZ + SEA + HK/JP,ANZ,Yes,,Yes,Yes,Yes,FR,Non-SEA HQ (APAC presence),501-1000 employees,b2bvsb2c-no-data,"Computer software, Data analytics or artificial intelligence",26,12,33,—,6,2,6,—,—
Vanessa,10-Apr,SaaS SEA P1 ANZ Fast US,f000001518294,pharosIQ,mrpfd.com,P1 - Strategic,Very High,Tier A,SaaS / Software,Fast (<200 emp),ANZ + SEA,ANZ,Yes,,,,Yes,US,Non-SEA HQ (APAC presence),51-200 employees,b2bvsb2c-no-data,"Computer software, Marketing and advertising services",30,6,—,—,—,—,24,—,—